CREATE TABLE Team (
    teamID INT PRIMARY KEY,
    team_name VARCHAR(255) NOT NULL,
    points INT DEFAULT 0,
    wins INT DEFAULT 0,
    losses INT DEFAULT 0,
    matches_played INT DEFAULT 0,
    goals_for INT DEFAULT 0,
    goals_against INT DEFAULT 0,
    goal_difference INT DEFAULT 0,
    UNIQUE (team_name)  -- כל שם קבוצה חייב להיות ייחודי
);

CREATE TABLE Player (
    playerID INT PRIMARY KEY,
    teamID INT,
    player_name VARCHAR(255) NOT NULL,
    position VARCHAR(50),
    nationality VARCHAR(100),
    jersey_number INT,
    date_of_birth DATE,
    height INT,
    goals INT DEFAULT 0,
    assists INT DEFAULT 0,
    yellow_cards INT DEFAULT 0,
    red_cards INT DEFAULT 0,
    FOREIGN KEY (teamID) REFERENCES Team(teamID) ON DELETE SET NULL  -- אם קבוצה נמחקת, מזהה הקבוצה אצל השחקנים שלה יקבל ערך NULL
);

CREATE TABLE Game (
    gameID INT PRIMARY KEY,
    home_team_ID INT,
    away_team_ID INT,
    home_goals_scored INT,
    away_goals_scored INT,
    date DATE NOT NULL,
    FOREIGN KEY (home_team_ID) REFERENCES Team(teamID) ON DELETE CASCADE,  -- אם קבוצה ביתית נמחקת, המשחקים שלה יימחקו גם כן
    FOREIGN KEY (away_team_ID) REFERENCES Team(teamID) ON DELETE CASCADE,  -- אם קבוצה אורחת נמחקת, המשחקים שלה יימחקו גם כן
    CHECK (home_team_ID <> away_team_ID)  -- קבוצה לא יכולה לשחק מול עצמה במשחק
);

CREATE TABLE Event (
    eventID INT PRIMARY KEY,
    gameID INT,
    teamID INT,
    playerID INT,
    event_type VARCHAR(50) NOT NULL,
    event_time INT NOT NULL,
    FOREIGN KEY (gameID) REFERENCES Game(gameID) ON DELETE CASCADE,  -- אם משחק נמחק, האירועים שלו יימחקו גם כן
    FOREIGN KEY (teamID) REFERENCES Team(teamID) ON DELETE CASCADE,  -- אם קבוצה נמחקת, האירועים שלה יימחקו גם כן
    FOREIGN KEY (playerID) REFERENCES Player(playerID) ON DELETE SET NULL  -- אם שחקן נמחק, מזהה השחקן באירועים יקבל ערך NULL
);

ALTER TABLE Team
ADD CONSTRAINT unique_team_name
CHECK (LENGTH(team_name) > 0);
-- שם הקבוצה חייב להיות בעל אורך גדול מאפס

ALTER TABLE Player
ADD CONSTRAINT valid_jersey_number
CHECK (jersey_number > 0 AND jersey_number < 100);
-- מספר החולצה חייב להיות בין 1 ל-99

ALTER TABLE Player
ADD CONSTRAINT positive_height
CHECK (height > 0);
-- הגובה חייב להיות חיובי

ALTER TABLE Game
ADD CONSTRAINT different_teams
CHECK (home_team_ID <> away_team_ID);
-- קבוצה לא יכולה לשחק מול עצמה במשחק

ALTER TABLE Game
ADD CONSTRAINT valid_scores
CHECK (home_goals_scored >= 0 AND away_goals_scored >= 0);
-- כמות השערים חייבת להיות אפס או יותר

ALTER TABLE Event
ADD CONSTRAINT valid_event_time
CHECK (event_time > 0 AND event_time <= 120);
-- זמן האירוע חייב להיות בין 1 ל-120 דקות
SET FOREIGN_KEY_CHECKS = 1;
INSERT INTO Team (teamID, team_name, points, wins, losses, matches_played, goals_for, goals_against, goal_difference)
VALUES
(1, 'Real Madrid', 93, 29, 3, 38, 106, 41, 65),
(2, 'Barcelona', 90, 28, 4, 38, 116, 37, 79),
(3, 'Atletico Madrid', 78, 23, 6, 38, 70, 27, 43),
(4, 'Sevilla', 72, 21, 7, 38, 69, 49, 20),
(5, 'Villarreal', 67, 19, 10, 38, 56, 33, 23),
(6, 'Real Sociedad', 64, 19, 11, 38, 59, 53, 6),
(7, 'Athletic Bilbao', 63, 19, 12, 38, 53, 43, 10),
(8, 'Espanyol', 56, 15, 12, 38, 49, 50, -1),
(9, 'Alaves', 55, 14, 11, 38, 41, 43, -2),
(10, 'Eibar', 54, 15, 15, 38, 56, 51, 5),
(11, 'Malaga', 46, 12, 16, 38, 49, 55, -6),
(12, 'Valencia', 46, 13, 18, 38, 56, 65, -9),
(13, 'Celta Vigo', 45, 13, 18, 38, 53, 69, -16),
(14, 'Las Palmas', 39, 10, 18, 38, 53, 74, -21),
(15, 'Real Betis', 39, 10, 19, 38, 41, 64, -23),
(16, 'Deportivo La Coruna', 36, 8, 18, 38, 43, 61, -18),
(17, 'Leganes', 35, 8, 19, 38, 36, 55, -19),
(18, 'Sporting Gijon', 31, 7, 21, 38, 42, 72, -30),
(19, 'Osasuna', 22, 4, 25, 38, 40, 94, -54),
(20, 'Granada', 20, 4, 25, 38, 30, 82, -52);

INSERT INTO Game (gameID, home_team_ID, away_team_ID, home_goals_scored, away_goals_scored, date)
VALUES
(1, 1, 2, 2, 3, '2016-12-03'),
(2, 1, 3, 3, 0, '2016-09-17'),
(3, 1, 4, 2, 1, '2016-11-06'),
(4, 1, 5, 5, 0, '2016-10-26'),
(5, 1, 6, 3, 0, '2017-01-29'),
(6, 1, 7, 2, 1, '2016-12-10'),
(7, 1, 8, 2, 0, '2017-02-18'),
(8, 1, 9, 3, 0, '2017-04-23'),
(9, 1, 10, 1, 1, '2016-10-02'),
(10, 1, 11, 2, 1, '2016-09-10'),
(11, 1, 12, 2, 1, '2017-05-21'),
(12, 1, 13, 2, 1, '2017-03-12'),
(13, 1, 14, 3, 3, '2017-04-05'),
(14, 1, 15, 2, 1, '2016-11-19'),
(15, 1, 16, 3, 2, '2017-02-11'),
(16, 1, 17, 4, 2, '2017-04-08'),
(17, 1, 18, 5, 0, '2017-01-14'),
(18, 1, 19, 2, 1, '2017-03-05'),
(19, 1, 20, 4, 0, '2016-09-21'),
(20, 2, 1, 3, 2, '2017-04-23'),
(21, 2, 3, 1, 2, '2016-10-15'),
(22, 2, 4, 2, 1, '2017-01-12'),
(23, 2, 5, 2, 3, '2016-12-10'),
(24, 2, 6, 1, 1, '2016-09-10'),
(25, 2, 7, 0, 0, '2017-03-11'),
(26, 2, 8, 2, 0, '2017-01-21'),
(27, 2, 9, 3, 0, '2017-02-19'),
(28, 2, 10, 4, 2, '2016-11-06'),
(29, 2, 11, 1, 0, '2017-04-15'),
(30, 2, 12, 2, 1, '2017-03-05'),
(31, 2, 13, 3, 1, '2017-02-12'),
(32, 2, 14, 1, 2, '2017-01-08'),
(33, 2, 15, 2, 0, '2016-12-17'),
(34, 2, 16, 3, 2, '2017-02-26'),
(35, 2, 17, 1, 0, '2017-03-18'),
(36, 2, 18, 4, 0, '2016-10-29'),
(37, 2, 19, 3, 0, '2016-09-24'),
(38, 2, 20, 2, 2, '2017-01-29'),
(39, 3, 1, 0, 3, '2016-09-17'),
(40, 3, 2, 2, 0, '2016-10-15'),
(41, 3, 4, 2, 2, '2017-01-29'),
(42, 3, 5, 1, 2, '2017-04-15'),
(43, 3, 6, 1, 0, '2016-11-06'),
(44, 3, 7, 3, 1, '2016-12-10'),
(45, 3, 8, 2, 2, '2016-09-21'),
(46, 3, 9, 2, 0, '2017-03-05'),
(47, 3, 10, 1, 0, '2017-03-11'),
(48, 3, 11, 2, 1, '2017-01-22'),
(49, 3, 12, 1, 1, '2017-02-05'),
(50, 3, 13, 3, 2, '2016-10-29'),
(51, 3, 14, 1, 1, '2016-11-20'),
(52, 3, 15, 2, 0, '2017-04-29'),
(53, 3, 16, 2, 1, '2017-01-08'),
(54, 3, 17, 1, 0, '2017-03-12'),
(55, 3, 18, 4, 1, '2016-12-18'),
(56, 3, 19, 2, 0, '2017-02-26'),
(57, 3, 20, 5, 1, '2017-03-19'),
(58, 4, 1, 1, 2, '2016-10-16'),
(59, 4, 2, 0, 0, '2016-09-20'),
(60, 4, 3, 0, 2, '2017-03-19'),
(61, 4, 5, 2, 1, '2016-11-06'),
(62, 4, 6, 1, 0, '2016-09-10'),
(63, 4, 7, 1, 1, '2017-01-29'),
(64, 4, 8, 3, 3, '2017-01-15'),
(65, 4, 9, 2, 1, '2016-12-04'),
(66, 4, 10, 1, 0, '2017-04-22'),
(67, 4, 11, 0, 0, '2017-03-05'),
(68, 4, 12, 1, 2, '2017-02-26'),
(69, 4, 13, 2, 1, '2016-11-19'),
(70, 4, 14, 3, 1, '2016-10-01'),
(71, 4, 15, 2, 0, '2016-12-17'),
(72, 4, 16, 2, 2, '2017-03-12'),
(73, 4, 17, 0, 0, '2016-12-10'),
(74, 4, 18, 0, 1, '2017-01-07'),
(75, 4, 19, 1, 0, '2017-02-11'),
(76, 4, 20, 2, 0, '2017-02-08'),
(77, 5, 1, 1, 1, '2016-09-21'),
(78, 5, 2, 0, 1, '2017-03-19'),
(79, 5, 3, 1, 0, '2016-10-09'),
(80, 5, 4, 0, 0, '2017-01-29'),
(81, 5, 6, 2, 1, '2017-03-11'),
(82, 5, 7, 1, 0, '2016-12-18'),
(83, 5, 8, 2, 3, '2017-01-07'),
(84, 5, 9, 0, 0, '2016-11-26'),
(85, 5, 10, 1, 1, '2016-11-05'),
(86, 5, 11, 0, 0, '2017-02-26'),
(87, 5, 12, 0, 1, '2017-03-12'),
(88, 5, 13, 2, 0, '2016-12-10'),
(89, 5, 14, 0, 1, '2016-12-17'),
(90, 5, 15, 1, 1, '2017-01-15'),
(91, 5, 16, 2, 3, '2016-10-01'),
(92, 5, 17, 1, 1, '2017-02-11'),
(93, 5, 18, 2, 1, '2016-10-29'),
(94, 5, 19, 0, 0, '2017-01-22'),
(95, 5, 20, 0, 0, '2016-11-05'),
(96, 6, 1, 0, 4, '2016-09-10'),
(97, 6, 2, 0, 0, '2017-02-19'),
(98, 6, 3, 1, 0, '2017-03-19'),
(99, 6, 4, 1, 1, '2017-04-22'),
(100, 6, 5, 2, 2, '2016-11-05'),
(101, 6, 7, 1, 0, '2016-12-17'),
(102, 6, 8, 0, 2, '2016-09-21'),
(103, 6, 9, 2, 1, '2017-01-15'),
(104, 6, 10, 3, 3, '2016-12-10'),
(105, 6, 11, 1, 2, '2017-01-28'),
(106, 6, 12, 0, 0, '2016-11-06'),
(107, 6, 13, 1, 0, '2017-04-22'),
(108, 6, 14, 3, 1, '2017-03-05'),
(109, 6, 15, 0, 1, '2016-10-16'),
(110, 6, 16, 3, 2, '2016-09-24'),
(111, 6, 17, 2, 2, '2017-02-26'),
(112, 6, 18, 1, 1, '2017-03-12'),
(113, 6, 19, 0, 1, '2016-11-27'),
(114, 6, 20, 0, 0, '2016-12-18'),
(115, 7, 1, 0, 2, '2016-09-10'),
(116, 7, 2, 1, 1, '2017-03-19'),
(117, 7, 3, 0, 0, '2016-10-22'),
(118, 7, 4, 1, 2, '2017-04-29'),
(119, 7, 5, 3, 1, '2016-12-17'),
(120, 7, 6, 2, 0, '2017-01-07'),
(121, 7, 8, 0, 1, '2016-12-04'),
(122, 7, 9, 2, 1, '2017-02-11'),
(123, 7, 10, 1, 1, '2017-01-15'),
(124, 7, 11, 0, 1, '2016-11-26'),
(125, 7, 12, 1, 2, '2017-03-12'),
(126, 7, 13, 2, 0, '2016-11-05'),
(127, 7, 14, 0, 0, '2017-04-23'),
(128, 7, 15, 2, 1, '2017-01-29'),
(129, 7, 16, 1, 0, '2016-09-20'),
(130, 7, 17, 2, 3, '2017-02-19'),
(131, 7, 18, 1, 1, '2017-03-05'),
(132, 7, 19, 0, 2, '2016-10-02'),
(133, 7, 20, 1, 0, '2017-01-08'),
(134, 8, 1, 0, 2, '2016-09-24'),
(135, 8, 2, 1, 3, '2017-04-15'),
(136, 8, 3, 0, 2, '2016-11-19'),
(137, 8, 4, 2, 0, '2017-02-11'),
(138, 8, 5, 1, 1, '2017-03-18'),
(139, 8, 6, 2, 1, '2016-10-29'),
(140, 8, 7, 0, 0, '2017-01-29'),
(141, 8, 9, 0, 0, '2017-02-05'),
(142, 8, 10, 1, 2, '2016-12-04'),
(143, 8, 11, 1, 1, '2017-01-15'),
(144, 8, 12, 0, 1, '2016-11-27'),
(145, 8, 13, 3, 2, '2017-01-07'),
(146, 8, 14, 1, 0, '2016-10-16'),
(147, 8, 15, 2, 1, '2017-04-23'),
(148, 8, 16, 3, 2, '2016-09-18'),
(149, 8, 17, 0, 1, '2017-03-12'),
(150, 8, 18, 1, 1, '2016-12-18'),
(151, 8, 19, 0, 2, '2017-02-26'),
(152, 8, 20, 2, 1, '2017-03-19'),
(153, 9, 1, 1, 1, '2016-10-16'),
(154, 9, 2, 0, 4, '2017-03-11'),
(155, 9, 3, 1, 0, '2016-11-06'),
(156, 9, 4, 1, 2, '2016-09-17'),
(157, 9, 5, 0, 1, '2017-01-22'),
(158, 9, 6, 1, 1, '2016-12-10'),
(159, 9, 7, 0, 2, '2017-01-15'),
(160, 9, 8, 1, 2, '2016-11-27'),
(161, 9, 10, 0, 0, '2017-02-18'),
(162, 9, 11, 2, 1, '2016-09-21'),
(163, 9, 12, 1, 0, '2017-02-05'),
(164, 9, 13, 1, 2, '2016-12-18'),
(165, 9, 14, 2, 3, '2017-03-19'),
(166, 9, 15, 3, 1, '2016-10-29'),
(167, 9, 16, 2, 0, '2017-01-28'),
(168, 9, 17, 0, 0, '2016-11-19'),
(169, 9, 18, 1, 1, '2017-02-26'),
(170, 9, 19, 0, 0, '2017-04-15'),
(171, 9, 20, 1, 2, '2016-12-17'),
(172, 10, 1, 3, 2, '2016-09-21'),
(173, 10, 2, 1, 1, '2017-03-12'),
(174, 10, 3, 0, 1, '2016-10-16'),
(175, 10, 4, 1, 1, '2017-01-15'),
(176, 10, 5, 0, 0, '2016-11-06'),
(177, 10, 6, 1, 2, '2017-01-22'),
(178, 10, 7, 1, 1, '2016-10-29'),
(179, 10, 8, 2, 0, '2017-03-18'),
(180, 10, 9, 2, 1, '2017-02-11'),
(181, 10, 11, 0, 1, '2017-02-26'),
(182, 10, 12, 0, 0, '2016-12-04'),
(183, 10, 13, 1, 1, '2017-02-05'),
(184, 10, 14, 1, 2, '2017-01-29'),
(185, 10, 15, 3, 2, '2017-02-19'),
(186, 10, 16, 0, 1, '2016-12-18'),
(187, 10, 17, 1, 0, '2016-10-15'),
(188, 10, 18, 1, 1, '2017-01-08'),
(189, 10, 19, 1, 2, '2017-03-11'),
(190, 10, 20, 2, 0, '2016-09-24'),
(191, 11, 1, 1, 3, '2016-10-29'),
(192, 11, 2, 0, 2, '2017-03-05'),
(193, 11, 3, 2, 1, '2016-12-18'),
(194, 11, 4, 0, 0, '2017-02-05'),
(195, 11, 5, 1, 1, '2017-01-07'),
(196, 11, 6, 2, 2, '2016-11-06'),
(197, 11, 7, 0, 0, '2016-09-10'),
(198, 11, 8, 1, 0, '2017-04-23'),
(199, 11, 9, 0, 1, '2016-12-10'),
(200, 11, 10, 1, 2, '2017-02-11'),
(201, 11, 12, 2, 1, '2016-12-10'),
(202, 11, 13, 1, 0, '2017-01-22'),
(203, 11, 14, 0, 1, '2017-04-15'),
(204, 11, 15, 1, 1, '2017-03-18'),
(205, 11, 16, 2, 0, '2016-11-19'),
(206, 11, 17, 0, 0, '2017-02-26'),
(207, 11, 18, 1, 1, '2017-02-05'),
(208, 11, 19, 0, 1, '2016-10-29'),
(209, 11, 20, 1, 0, '2016-09-21'),
(210, 12, 1, 2, 3, '2017-01-15'),
(211, 12, 2, 0, 0, '2016-10-16'),
(212, 12, 3, 1, 1, '2017-03-11'),
(213, 12, 4, 0, 2, '2016-12-18'),
(214, 12, 5, 2, 1, '2016-11-06'),
(215, 12, 6, 1, 3, '2017-02-19'),
(216, 12, 7, 0, 0, '2017-01-29'),
(217, 12, 8, 1, 2, '2016-09-10'),
(218, 12, 9, 2, 2, '2017-04-23'),
(219, 12, 10, 1, 0, '2016-12-04'),
(220, 12, 11, 3, 1, '2017-01-08'),
(221, 12, 13, 1, 1, '2017-02-26'),
(222, 12, 14, 0, 0, '2016-11-27'),
(223, 12, 15, 1, 0, '2016-09-24'),
(224, 12, 16, 2, 1, '2017-03-05'),
(225, 12, 17, 0, 1, '2016-10-01'),
(226, 12, 18, 3, 2, '2017-02-18'),
(227, 12, 19, 1, 1, '2016-12-17'),
(228, 12, 20, 0, 0, '2017-03-19'),
(229, 13, 1, 1, 4, '2016-11-05'),
(230, 13, 2, 2, 2, '2017-01-22'),
(231, 13, 3, 0, 1, '2016-12-10'),
(232, 13, 4, 1, 0, '2017-03-12'),
(233, 13, 5, 1, 3, '2016-09-17'),
(234, 13, 6, 1, 1, '2017-02-11'),
(235, 13, 7, 2, 1, '2016-10-02'),
(236, 13, 8, 0, 0, '2017-03-18'),
(237, 13, 9, 3, 2, '2016-12-04'),
(238, 13, 10, 0, 1, '2017-01-28'),
(239, 13, 11, 1, 1, '2016-10-29'),
(240, 13, 12, 0, 0, '2017-02-26'),
(241, 13, 14, 2, 3, '2016-09-10'),
(242, 13, 15, 0, 0, '2017-01-15'),
(243, 13, 16, 1, 0, '2016-12-18'),
(244, 13, 17, 2, 1, '2017-02-05'),
(245, 13, 18, 0, 0, '2016-11-19'),
(246, 13, 19, 1, 2, '2017-04-08'),
(247, 13, 20, 3, 1, '2016-09-24'),
(248, 14, 1, 0, 1, '2017-02-19'),
(249, 14, 2, 0, 3, '2016-09-21'),
(250, 14, 3, 1, 1, '2016-11-06'),
(251, 14, 4, 2, 1, '2017-01-29'),
(252, 14, 5, 1, 2, '2017-03-05'),
(253, 14, 6, 0, 0, '2016-10-15'),
(254, 14, 7, 0, 1, '2017-03-19'),
(255, 14, 8, 1, 0, '2017-02-26'),
(256, 14, 9, 2, 2, '2016-12-17'),
(257, 14, 10, 0, 1, '2016-09-10'),
(258, 14, 11, 1, 0, '2017-01-08'),
(259, 14, 12, 0, 2, '2016-12-04'),
(260, 14, 13, 1, 1, '2017-04-15'),
(261, 14, 15, 2, 1, '2016-11-20'),
(262, 14, 16, 0, 3, '2017-01-15'),
(263, 14, 17, 1, 0, '2016-12-10'),
(264, 14, 18, 1, 1, '2016-10-29'),
(265, 14, 19, 0, 0, '2017-04-23'),
(266, 14, 20, 1, 1, '2017-02-18'),
(267, 15, 1, 0, 2, '2016-11-06'),
(268, 15, 2, 1, 3, '2017-03-11'),
(269, 15, 3, 0, 1, '2016-09-17'),
(270, 15, 4, 1, 0, '2017-02-05'),
(271, 15, 5, 2, 2, '2016-12-17'),
(272, 15, 6, 1, 1, '2016-09-24'),
(273, 15, 7, 0, 0, '2017-03-18'),
(274, 15, 8, 1, 2, '2017-01-29'),
(275, 15, 9, 3, 1, '2017-01-22'),
(276, 15, 10, 1, 0, '2016-10-01'),
(277, 15, 11, 0, 0, '2017-04-08'),
(278, 15, 12, 2, 1, '2016-10-29'),
(279, 15, 13, 1, 3, '2016-12-10'),
(280, 15, 14, 1, 1, '2017-03-12'),
(281, 15, 16, 1, 1, '2016-11-26'),
(282, 15, 17, 2, 0, '2017-02-11'),
(283, 15, 18, 1, 0, '2017-02-26'),
(284, 15, 19, 0, 1, '2016-12-18'),
(285, 15, 20, 1, 1, '2017-01-08'),
(286, 16, 1, 1, 3, '2016-09-10'),
(287, 16, 2, 0, 2, '2017-03-05'),
(288, 16, 3, 0, 1, '2016-12-04'),
(289, 16, 4, 2, 2, '2017-01-07'),
(290, 16, 5, 1, 0, '2016-11-27'),
(291, 16, 6, 3, 1, '2016-12-18'),
(292, 16, 7, 0, 0, '2016-11-19'),
(293, 16, 8, 2, 1, '2016-10-29'),
(294, 16, 9, 0, 0, '2017-02-19'),
(295, 16, 10, 3, 1, '2017-01-29'),
(296, 16, 11, 1, 1, '2017-02-12'),
(297, 16, 12, 0, 1, '2017-04-15'),
(298, 16, 13, 2, 0, '2017-03-18'),
(299, 16, 14, 1, 2, '2017-01-21'),
(300, 16, 15, 1, 1, '2016-09-21'),
(301, 16, 17, 1, 1, '2017-03-05'),
(302, 16, 18, 0, 3, '2016-12-10'),
(303, 16, 19, 2, 2, '2016-10-29'),
(304, 16, 20, 1, 0, '2017-01-22'),
(305, 17, 1, 0, 4, '2016-10-16'),
(306, 17, 2, 1, 2, '2017-04-23'),
(307, 17, 3, 2, 1, '2017-03-12'),
(308, 17, 4, 0, 0, '2017-01-29'),
(309, 17, 5, 1, 2, '2016-12-17'),
(310, 17, 6, 0, 0, '2017-02-05'),
(311, 17, 7, 1, 1, '2016-09-10'),
(312, 17, 8, 2, 3, '2016-11-06'),
(313, 17, 9, 0, 1, '2016-12-04'),
(314, 17, 10, 1, 0, '2017-01-15'),
(315, 17, 11, 0, 0, '2017-02-26'),
(316, 17, 12, 0, 2, '2017-03-19'),
(317, 17, 13, 1, 1, '2016-09-24'),
(318, 17, 14, 2, 1, '2017-01-08'),
(319, 17, 15, 1, 1, '2016-11-19'),
(320, 17, 16, 2, 2, '2017-02-12'),
(321, 18, 1, 0, 5, '2016-09-21'),
(322, 18, 2, 1, 3, '2017-03-11'),
(323, 18, 3, 0, 2, '2016-10-15'),
(324, 18, 4, 1, 3, '2017-03-18'),
(325, 18, 5, 2, 0, '2016-12-18'),
(326, 18, 6, 1, 1, '2017-01-29'),
(327, 18, 7, 2, 0, '2017-02-19'),
(328, 18, 8, 0, 1, '2016-10-02'),
(329, 18, 9, 1, 1, '2017-04-15'),
(330, 18, 10, 0, 0, '2016-11-27'),
(331, 18, 11, 0, 0, '2016-12-17'),
(332, 18, 12, 1, 3, '2017-02-26'),
(333, 18, 13, 1, 1, '2016-11-05'),
(334, 18, 14, 0, 0, '2017-01-22'),
(335, 18, 15, 3, 1, '2017-01-08'),
(336, 18, 16, 1, 2, '2016-09-10'),
(337, 18, 17, 0, 1, '2017-03-05'),
(338, 18, 19, 1, 1, '2016-12-04'),
(339, 18, 20, 0, 2, '2017-01-15'),
(340, 19, 1, 1, 3, '2016-10-29'),
(341, 19, 2, 1, 2, '2016-12-10'),
(342, 19, 3, 0, 0, '2017-02-18'),
(343, 19, 4, 1, 2, '2017-01-07'),
(344, 19, 5, 0, 0, '2016-09-17'),
(345, 19, 6, 1, 1, '2017-03-11'),
(346, 19, 7, 0, 3, '2017-04-23'),
(347, 19, 8, 2, 0, '2017-02-12'),
(348, 19, 9, 0, 1, '2016-12-18'),
(349, 19, 10, 1, 2, '2016-09-24'),
(350, 19, 11, 1, 2, '2016-11-19'),
(351, 19, 12, 0, 0, '2017-03-12'),
(352, 19, 13, 1, 1, '2017-01-15'),
(353, 19, 14, 1, 0, '2016-11-26'),
(354, 19, 15, 0, 1, '2017-01-29'),
(355, 19, 16, 2, 2, '2017-02-26'),
(356, 19, 17, 1, 0, '2016-10-16'),
(357, 19, 18, 1, 3, '2017-03-19'),
(358, 19, 20, 0, 1, '2016-12-04'),
(359, 20, 1, 0, 4, '2016-09-10'),
(360, 20, 2, 1, 2, '2017-01-22'),
(361, 20, 3, 0, 3, '2016-12-17'),
(362, 20, 4, 1, 1, '2017-02-12'),
(363, 20, 5, 0, 2, '2016-11-20'),
(364, 20, 6, 1, 1, '2017-03-05'),
(365, 20, 7, 0, 1, '2016-10-02'),
(366, 20, 8, 1, 3, '2017-04-08'),
(367, 20, 9, 1, 1, '2016-12-18'),
(368, 20, 10, 0, 1, '2017-01-08'),
(369, 20, 11, 0, 0, '2017-03-18'),
(370, 20, 12, 0, 1, '2016-11-06'),
(371, 20, 13, 2, 2, '2017-01-15'),
(372, 20, 14, 1, 1, '2016-09-21'),
(373, 20, 15, 1, 3, '2016-12-10'),
(374, 20, 16, 0, 0, '2017-02-19'),
(375, 20, 17, 1, 0, '2016-10-15'),
(376, 20, 18, 0, 1, '2017-01-29'),
(377, 20, 19, 2, 2, '2017-04-15'),
(378, 20, 8, 3, 0, '2017-05-21'),
(379, 16, 10, 0, 1, '2017-05-20'),
(380, 12, 18, 1, 4, '2017-05-20');

INSERT INTO Player (playerID, teamID, player_name, position, nationality, jersey_number, date_of_birth, height, goals, assists, yellow_cards, red_cards)
VALUES
(1, 1, 'Karim Benzema', 'Forward', 'France', 9, '1987-12-19', 185, 24, 10, 3, 0),
(2, 1, 'Luka Modric', 'Midfielder', 'Croatia', 10, '1985-09-09', 172, 5, 8, 2, 0),
(3, 1, 'Sergio Ramos', 'Defender', 'Spain', 4, '1986-03-30', 184, 7, 2, 11, 1),
(4, 2, 'Lionel Messi', 'Forward', 'Argentina', 10, '1987-06-24', 170, 37, 12, 2, 0),
(5, 2, 'Gerard Pique', 'Defender', 'Spain', 3, '1987-02-02', 194, 3, 1, 8, 0),
(6, 2, 'Sergio Busquets', 'Midfielder', 'Spain', 5, '1988-07-16', 189, 1, 5, 6, 0),
(7, 3, 'Antoine Griezmann', 'Forward', 'France', 7, '1991-03-21', 176, 16, 8, 4, 0),
(8, 3, 'Jan Oblak', 'Goalkeeper', 'Slovenia', 13, '1993-01-07', 188, 0, 0, 1, 0),
(9, 3, 'Koke', 'Midfielder', 'Spain', 6, '1992-01-08', 176, 3, 10, 5, 0),
(10, 4, 'Wissam Ben Yedder', 'Forward', 'France', 9, '1990-08-12', 170, 17, 6, 2, 0),
(11, 4, 'Ever Banega', 'Midfielder', 'Argentina', 10, '1988-06-29', 174, 5, 7, 6, 1),
(12, 4, 'Sergio Escudero', 'Defender', 'Spain', 18, '1989-09-02', 176, 1, 2, 5, 0),
(13, 5, 'Roberto Soldado', 'Forward', 'Spain', 9, '1985-05-27', 179, 9, 4, 3, 0),
(14, 5, 'Samuel Chukwueze', 'Midfielder', 'Nigeria', 11, '1999-05-22', 172, 6, 5, 2, 0),
(15, 5, 'Pau Torres', 'Defender', 'Spain', 4, '1997-01-16', 191, 2, 1, 4, 0),
(16, 6, 'Mikel Oyarzabal', 'Forward', 'Spain', 10, '1997-04-21', 181, 15, 9, 3, 0),
(17, 6, 'David Silva', 'Midfielder', 'Spain', 21, '1986-01-08', 170, 4, 6, 2, 0),
(18, 6, 'Aritz Elustondo', 'Defender', 'Spain', 6, '1994-03-28', 181, 2, 1, 7, 0),
(19, 7, 'Inaki Williams', 'Forward', 'Spain', 9, '1994-06-15', 186, 13, 4, 2, 0),
(20, 7, 'Iker Muniain', 'Midfielder', 'Spain', 10, '1992-12-19', 170, 6, 7, 3, 0),
(21, 7, 'Yeray Alvarez', 'Defender', 'Spain', 5, '1995-01-24', 183, 1, 0, 5, 0),
(22, 8, 'Raul de Tomas', 'Forward', 'Spain', 11, '1994-10-17', 178, 14, 3, 2, 0),
(23, 8, 'Sergi Darder', 'Midfielder', 'Spain', 10, '1993-12-22', 180, 5, 8, 3, 0),
(24, 8, 'Leandro Cabrera', 'Defender', 'Uruguay', 4, '1991-06-17', 190, 2, 0, 6, 0),
(25, 9, 'Joselu', 'Forward', 'Spain', 9, '1990-03-27', 192, 12, 2, 1, 0),
(26, 9, 'Luis Rioja', 'Midfielder', 'Spain', 11, '1993-10-16', 175, 4, 5, 2, 0),
(27, 9, 'Victor Laguardia', 'Defender', 'Spain', 5, '1989-11-05', 185, 1, 0, 4, 0),
(28, 10, 'Kike Garcia', 'Forward', 'Spain', 17, '1989-11-25', 182, 11, 2, 2, 0),
(29, 10, 'Edu Exposito', 'Midfielder', 'Spain', 8, '1996-08-01', 178, 3, 5, 3, 0),
(30, 10, 'Arbilla', 'Defender', 'Spain', 23, '1987-05-27', 181, 1, 1, 7, 0),
(31, 11, 'Sandro Ramirez', 'Forward', 'Spain', 9, '1995-07-09', 175, 10, 3, 2, 0),
(32, 11, 'Jozabed', 'Midfielder', 'Spain', 19, '1991-03-08', 180, 4, 4, 3, 0),
(33, 11, 'Luis Munoz', 'Defender', 'Spain', 4, '1997-02-23', 185, 1, 0, 4, 0),
(34, 12, 'Maxi Gomez', 'Forward', 'Uruguay', 9, '1996-08-14', 186, 11, 3, 2, 0),
(35, 12, 'Carlos Soler', 'Midfielder', 'Spain', 8, '1997-01-02', 183, 7, 8, 3, 0),
(36, 12, 'Gabriel Paulista', 'Defender', 'Brazil', 5, '1990-11-26', 187, 2, 0, 6, 0),
(37, 13, 'Iago Aspas', 'Forward', 'Spain', 10, '1987-08-01', 176, 16, 4, 2, 0),
(38, 13, 'Denis Suarez', 'Midfielder', 'Spain', 6, '1994-01-06', 178, 3, 7, 4, 0),
(39, 13, 'Hugo Mallo', 'Defender', 'Spain', 2, '1991-06-22', 173, 1, 1, 5, 0),
(40, 14, 'Jonathan Viera', 'Forward', 'Spain', 21, '1989-10-21', 171, 9, 6, 2, 0),
(41, 14, 'Roque Mesa', 'Midfielder', 'Spain', 15, '1989-06-07', 171, 3, 5, 4, 0),
(42, 14, 'Mauricio Lemos', 'Defender', 'Uruguay', 3, '1995-12-28', 186, 0, 0, 5, 1),
(43, 15, 'Borja Iglesias', 'Forward', 'Spain', 9, '1993-01-17', 187, 12, 3, 2, 0),
(44, 15, 'Nabil Fekir', 'Midfielder', 'France', 8, '1993-07-18', 173, 7, 6, 3, 1),
(45, 15, 'Marc Bartra', 'Defender', 'Spain', 5, '1991-01-15', 184, 2, 1, 5, 0),
(46, 16, 'Lucas Perez', 'Forward', 'Spain', 7, '1988-09-10', 180, 8, 4, 2, 0),
(47, 16, 'Gaku Shibasaki', 'Midfielder', 'Japan', 10, '1992-05-28', 175, 3, 4, 2, 0),
(48, 16, 'Sidnei', 'Defender', 'Brazil', 12, '1989-08-23', 185, 0, 0, 4, 0),
(49, 17, 'Martin Braithwaite', 'Forward', 'Denmark', 9, '1991-06-05', 177, 7, 3, 2, 0),
(50, 17, 'Oscar Rodriguez', 'Midfielder', 'Spain', 10, '1998-06-28', 174, 6, 4, 3, 0),
(51, 17, 'Kenneth Omeruo', 'Defender', 'Nigeria', 4, '1993-10-17', 185, 0, 0, 5, 0),
(52, 18, 'Duje Cop', 'Forward', 'Croatia', 11, '1990-02-01', 181, 6, 2, 2, 0),
(53, 18, 'Nacho Cases', 'Midfielder', 'Spain', 17, '1987-12-22', 175, 1, 4, 3, 0),
(54, 18, 'Jorge Meré', 'Defender', 'Spain', 5, '1997-04-17', 182, 0, 0, 3, 0),
(55, 19, 'Oriol Riera', 'Forward', 'Spain', 9, '1986-07-03', 185, 5, 2, 1, 0),
(56, 19, 'Fran Merida', 'Midfielder', 'Spain', 8, '1990-03-04', 176, 3, 5, 2, 0),
(57, 19, 'Miguel Flaño', 'Defender', 'Spain', 4, '1984-08-19', 184, 0, 0, 4, 0),
(58, 20, 'Adrian Ramos', 'Forward', 'Colombia', 20, '1986-01-22', 185, 4, 2, 1, 0),
(59, 20, 'Andreas Pereira', 'Midfielder', 'Brazil', 15, '1996-01-01', 177, 2, 3, 2, 0),
(60, 20, 'Ruben Vezo', 'Defender', 'Portugal', 3, '1994-04-25', 183, 0, 0, 4, 0),
(61, 1, 'Keylor Navas', 'Goalkeeper', 'Costa Rica', 1, '1986-12-15', 185, 0, 0, 2, 0),
(62, 1, 'Toni Kroos', 'Midfielder', 'Germany', 8, '1990-01-04', 183, 4, 12, 3, 0),
(63, 1, 'Dani Carvajal', 'Defender', 'Spain', 2, '1992-01-11', 173, 1, 5, 4, 0),
(64, 2, 'Luis Suarez', 'Forward', 'Uruguay', 9, '1987-01-24', 182, 29, 13, 5, 0),
(65, 2, 'Jordi Alba', 'Defender', 'Spain', 18, '1989-03-21', 170, 1, 8, 7, 0),
(66, 2, 'Marc-Andre ter Stegen', 'Goalkeeper', 'Germany', 1, '1992-04-30', 187, 0, 0, 0, 0),
(67, 3, 'Jan Oblak', 'Goalkeeper', 'Slovenia', 13, '1993-01-07', 188, 0, 0, 1, 0),
(68, 3, 'Diego Godin', 'Defender', 'Uruguay', 2, '1986-02-16', 185, 1, 0, 6, 0),
(69, 3, 'Koke', 'Midfielder', 'Spain', 6, '1992-01-08', 176, 3, 10, 5, 0),
(70, 4, 'Wissam Ben Yedder', 'Forward', 'France', 9, '1990-08-12', 170, 17, 6, 2, 0),
(71, 4, 'Pablo Sarabia', 'Midfielder', 'Spain', 17, '1992-05-11', 174, 13, 9, 3, 0),
(72, 4, 'Gabriel Mercado', 'Defender', 'Argentina', 25, '1987-03-18', 181, 3, 1, 6, 0),
(73, 5, 'Nicola Sansone', 'Forward', 'Italy', 10, '1991-09-10', 172, 8, 3, 2, 0),
(74, 5, 'Manu Trigueros', 'Midfielder', 'Spain', 14, '1991-10-17', 178, 3, 5, 3, 0),
(75, 5, 'Mario Gaspar', 'Defender', 'Spain', 2, '1990-11-24', 182, 0, 2, 4, 0),
(76, 6, 'Willian Jose', 'Forward', 'Brazil', 12, '1991-11-23', 186, 12, 3, 3, 0),
(77, 6, 'Asier Illarramendi', 'Midfielder', 'Spain', 4, '1990-03-08', 179, 3, 6, 5, 0),
(78, 6, 'Inigo Martinez', 'Defender', 'Spain', 6, '1991-05-17', 182, 2, 0, 8, 0),
(79, 7, 'Aritz Aduriz', 'Forward', 'Spain', 20, '1981-02-11', 182, 16, 2, 4, 0),
(80, 7, 'Beñat Etxebarria', 'Midfielder', 'Spain', 7, '1987-02-19', 177, 2, 7, 6, 0),
(81, 7, 'Aymeric Laporte', 'Defender', 'France', 4, '1994-05-27', 191, 1, 0, 5, 0),
(82, 6, 'David Zurutuza', 'Midfielder', 'Spain', 17, '1986-07-19', 184, 5, 4, 3, 0),
(83, 6, 'Carlos Vela', 'Forward', 'Mexico', 11, '1989-03-01', 178, 9, 6, 2, 0),

(85, 7, 'Raul Garcia', 'Midfielder', 'Spain', 22, '1986-07-11', 183, 10, 4, 7, 1),
(86, 7, 'Iker Muniain', 'Midfielder', 'Spain', 10, '1992-12-19', 169, 7, 5, 3, 0),
(87, 7, 'Mikel San Jose', 'Defender', 'Spain', 6, '1989-05-30', 186, 2, 0, 5, 0),
(88, 8, 'Gerard Moreno', 'Forward', 'Spain', 7, '1992-04-07', 180, 13, 3, 2, 0),
(89, 8, 'Jose Manuel Jurado', 'Midfielder', 'Spain', 22, '1986-06-29', 175, 2, 8, 3, 0),
(90, 8, 'David Lopez', 'Defender', 'Spain', 15, '1989-10-09', 185, 1, 1, 6, 0),
(91, 9, 'Deyverson', 'Forward', 'Brazil', 20, '1991-05-08', 187, 7, 2, 4, 1),
(92, 9, 'Daniel Torres', 'Midfielder', 'Colombia', 18, '1989-11-15', 183, 0, 2, 5, 0),
(94, 10, 'Sergi Enrich', 'Forward', 'Spain', 9, '1990-02-26', 180, 11, 5, 3, 0),
(95, 10, 'Pedro Leon', 'Midfielder', 'Spain', 21, '1986-11-24', 183, 10, 8, 4, 0),
(96, 10, 'Ivan Ramis', 'Defender', 'Spain', 4, '1984-10-25', 187, 2, 0, 6, 0),
(97, 11, 'Sandro Ramirez', 'Forward', 'Spain', 19, '1995-07-09', 175, 14, 3, 2, 0),
(98, 11, 'Ignacio Camacho', 'Midfielder', 'Spain', 6, '1990-05-04', 183, 3, 4, 5, 0),
(99, 11, 'Luis Hernandez', 'Defender', 'Spain', 2, '1989-04-14', 183, 0, 0, 6, 0),
(100, 12, 'Simone Zaza', 'Forward', 'Italy', 12, '1991-06-25', 186, 6, 1, 4, 0),
(101, 12, 'Dani Parejo', 'Midfielder', 'Spain', 10, '1989-04-16', 182, 7, 7, 6, 0),
(102, 12, 'Ezequiel Garay', 'Defender', 'Argentina', 24, '1986-10-10', 189, 0, 1, 4, 0),
(103, 13, 'Iago Aspas', 'Forward', 'Spain', 10, '1987-08-01', 176, 19, 5, 3, 0),
(104, 13, 'Daniel Wass', 'Midfielder', 'Denmark', 18, '1989-05-31', 181, 9, 4, 5, 0),
(105, 13, 'Hugo Mallo', 'Defender', 'Spain', 2, '1991-06-22', 173, 1, 2, 6, 0),
(106, 14, 'Jonathan Viera', 'Midfielder', 'Spain', 21, '1989-10-21', 171, 7, 7, 3, 0),
(107, 14, 'Roque Mesa', 'Midfielder', 'Spain', 15, '1989-06-07', 171, 1, 2, 5, 0),

(109, 15, 'Ruben Castro', 'Forward', 'Spain', 24, '1981-06-27', 174, 13, 3, 3, 0),
(110, 15, 'Petros', 'Midfielder', 'Brazil', 25, '1989-05-29', 181, 1, 1, 8, 1),
(111, 15, 'Bruno Gonzalez', 'Defender', 'Spain', 4, '1990-05-24', 184, 1, 0, 5, 0),
(112, 16, 'Florin Andone', 'Forward', 'Romania', 10, '1993-04-11', 182, 12, 3, 6, 0),
(113, 16, 'Celso Borges', 'Midfielder', 'Costa Rica', 22, '1988-05-27', 182, 6, 1, 7, 0),
(114, 16, 'Sidnei', 'Defender', 'Brazil', 12, '1989-08-23', 185, 1, 0, 4, 0),
(115, 17, 'Alexander Szymanowski', 'Midfielder', 'Argentina', 11, '1988-10-13', 179, 4, 4, 3, 0),
(116, 17, 'Gabriel', 'Midfielder', 'Brazil', 8, '1993-09-23', 181, 2, 3, 2, 0),
(117, 17, 'Martin Mantovani', 'Defender', 'Argentina', 5, '1984-07-07', 185, 1, 1, 8, 0),

(119, 18, 'Sergio Alvarez', 'Midfielder', 'Spain', 6, '1992-01-23', 176, 1, 2, 4, 0),
(120, 18, 'Fernando Amorebieta', 'Defender', 'Venezuela', 5, '1985-03-29', 189, 2, 0, 6, 0),
(121, 19, 'Sergio Leon', 'Forward', 'Spain', 7, '1989-01-06', 178, 10, 2, 3, 0),
(122, 19, 'Roberto Torres', 'Midfielder', 'Spain', 10, '1989-03-07', 178, 8, 4, 5, 0),

(124, 20, 'Mehdi Carcela', 'Midfielder', 'Morocco', 10, '1989-07-01', 176, 5, 3, 3, 0),
(125, 20, 'Andreas Pereira', 'Midfielder', 'Brazil', 15, '1996-01-01', 177, 2, 3, 2, 0),

(127, 1, 'Isco', 'Midfielder', 'Spain', 22, '1992-04-21', 176, 10, 8, 4, 0),
(128, 1, 'Alvaro Morata', 'Forward', 'Spain', 21, '1992-10-23', 189, 15, 4, 2, 0),
(129, 1, 'Raphael Varane', 'Defender', 'France', 5, '1993-04-25', 191, 0, 0, 3, 0),
(130, 2, 'Neymar', 'Forward', 'Brazil', 11, '1992-02-05', 175, 13, 11, 6, 0),
(131, 2, 'Ivan Rakitic', 'Midfielder', 'Croatia', 4, '1988-03-10', 184, 8, 6, 6, 0),

(133, 3, 'Kevin Gameiro', 'Forward', 'France', 21, '1987-05-09', 172, 12, 5, 3, 0),
(134, 3, 'Yannick Carrasco', 'Midfielder', 'Belgium', 10, '1993-09-04', 181, 10, 4, 5, 0),
(135, 3, 'Juanfran', 'Defender', 'Spain', 20, '1985-01-09', 180, 0, 3, 4, 0),
(136, 4, 'Luciano Vietto', 'Forward', 'Argentina', 11, '1993-12-05', 174, 6, 3, 2, 0),
(137, 4, 'Matias Kranevitter', 'Midfielder', 'Argentina', 5, '1993-05-21', 178, 0, 2, 6, 0),
(138, 4, 'Adil Rami', 'Defender', 'France', 23, '1985-12-27', 190, 1, 0, 4, 0),
(139, 5, 'Cedric Bakambu', 'Forward', 'Congo', 9, '1991-04-11', 182, 11, 2, 5, 0),
(140, 5, 'Bruno Soriano', 'Midfielder', 'Spain', 21, '1984-06-12', 184, 5, 3, 7, 0),
(141, 5, 'Jaume Costa', 'Defender', 'Spain', 11, '1988-03-18', 171, 0, 2, 6, 0),
(142, 6, 'Juanmi', 'Forward', 'Spain', 7, '1993-05-20', 169, 11, 4, 3, 0),
(143, 6, 'Xabi Prieto', 'Midfielder', 'Spain', 10, '1983-08-29', 185, 9, 7, 4, 0),
(144, 6, 'Yuri Berchiche', 'Defender', 'Spain', 19, '1990-02-10', 181, 2, 3, 5, 0),

(146, 7, 'Oscar de Marcos', 'Midfielder', 'Spain', 18, '1989-04-14', 182, 4, 3, 2, 0),
(147, 7, 'Mikel Balenziaga', 'Defender', 'Spain', 24, '1988-02-29', 177, 0, 1, 3, 0),
(148, 8, 'Leo Baptistao', 'Forward', 'Brazil', 19, '1993-08-26', 181, 6, 3, 3, 0),
(149, 8, 'Pablo Piatti', 'Midfielder', 'Argentina', 10, '1989-03-31', 163, 10, 9, 2, 0),
(150, 8, 'Victor Sanchez', 'Defender', 'Spain', 4, '1987-09-08', 174, 1, 2, 7, 0),
(151, 9, 'Gaizka Toquero', 'Forward', 'Spain', 2, '1984-08-09', 180, 5, 2, 3, 0),
(152, 9, 'Ibai Gomez', 'Midfielder', 'Spain', 15, '1989-11-11', 175, 6, 4, 2, 0),
(153, 9, 'Marcos Llorente', 'Defender', 'Spain', 6, '1995-01-30', 184, 1, 1, 4, 0),
(154, 10, 'Kike', 'Forward', 'Spain', 17, '1989-11-25', 182, 9, 2, 3, 0),
(155, 10, 'Gonzalo Escalante', 'Midfielder', 'Argentina', 5, '1993-03-27', 182, 3, 2, 5, 0),
(156, 10, 'Antonio Luna', 'Defender', 'Spain', 3, '1991-03-17', 179, 0, 3, 4, 0),
(157, 11, 'Jony', 'Forward', 'Spain', 22, '1991-07-09', 179, 3, 2, 6, 0),
(158, 11, 'Recio', 'Midfielder', 'Spain', 14, '1991-01-11', 183, 2, 3, 5, 0),
(159, 11, 'Diego Llorente', 'Defender', 'Spain', 3, '1993-08-16', 186, 1, 0, 4, 0),
(160, 12, 'Munir El Haddadi', 'Forward', 'Spain', 17, '1995-09-01', 175, 8, 3, 2, 0),
(161, 12, 'Enzo Perez', 'Midfielder', 'Argentina', 8, '1986-02-22', 177, 2, 2, 6, 0),
(162, 12, 'Jose Luis Gaya', 'Defender', 'Spain', 15, '1995-05-25', 172, 0, 3, 5, 0),
(163, 13, 'Theo Bongonda', 'Forward', 'Belgium', 10, '1995-11-20', 177, 2, 4, 3, 0),
(164, 13, 'Nemanja Radoja', 'Midfielder', 'Serbia', 6, '1993-02-06', 186, 1, 2, 4, 0),
(165, 13, 'Andreu Fontas', 'Defender', 'Spain', 3, '1989-11-14', 183, 0, 0, 4, 0),
(166, 14, 'Kevin-Prince Boateng', 'Forward', 'Ghana', 7, '1987-03-06', 186, 10, 4, 5, 0),
(167, 14, 'Tana', 'Midfielder', 'Spain', 24, '1990-09-20', 178, 6, 6, 3, 0),
(168, 14, 'Pedro Bigas', 'Defender', 'Spain', 3, '1990-05-15', 181, 2, 1, 6, 0),
(169, 15, 'Antonio Sanabria', 'Forward', 'Paraguay', 19, '1996-03-04', 181, 10, 2, 2, 0),
(170, 15, 'Joaquin', 'Midfielder', 'Spain', 17, '1981-07-21', 179, 3, 4, 2, 0),
(171, 15, 'Alex Martinez', 'Defender', 'Spain', 3, '1990-08-12', 177, 1, 2, 5, 0),
(172, 16, 'Ryan Babel', 'Forward', 'Netherlands', 16, '1986-12-19', 185, 5, 2, 3, 0),
(173, 16, 'Guilherme', 'Midfielder', 'Brazil', 20, '1991-04-05', 177, 2, 3, 6, 0),
(174, 16, 'Raul Albentosa', 'Defender', 'Spain', 12, '1988-09-07', 192, 1, 0, 5, 0),
(175, 17, 'Nabil El Zhar', 'Forward', 'Morocco', 10, '1986-08-27', 175, 4, 2, 4, 0),
(176, 17, 'Ruben Perez', 'Midfielder', 'Spain', 21, '1989-04-26', 180, 1, 2, 7, 0),
(177, 17, 'Martin Mantovani', 'Defender', 'Argentina', 5, '1984-07-07', 185, 0, 1, 6, 0),
(178, 18, 'Carlos Carmona', 'Midfielder', 'Spain', 10, '1987-07-05', 175, 8, 3, 4, 0),
(179, 18, 'Alberto Lora', 'Defender', 'Spain', 3, '1987-03-25', 168, 1, 2, 5, 0),
(180, 19, 'Jaime Romero', 'Forward', 'Spain', 8, '1990-07-31', 174, 2, 2, 3, 0),
(181, 19, 'Alex Berenguer', 'Midfielder', 'Spain', 11, '1995-07-04', 175, 1, 4, 4, 0),

(183, 20, 'Isaac Cuenca', 'Midfielder', 'Spain', 11, '1991-04-27', 182, 2, 2, 2, 0),
(184, 20, 'David Lomban', 'Defender', 'Spain', 5, '1987-06-05', 186, 0, 1, 3, 0),
(185, 1, 'Casemiro', 'Midfielder', 'Brazil', 14, '1992-02-23', 185, 4, 3, 7, 0),
(186, 1, 'Lucas Vazquez', 'Forward', 'Spain', 17, '1991-07-01', 173, 2, 8, 4, 0),
(187, 1, 'Nacho Fernandez', 'Defender', 'Spain', 6, '1990-01-18', 180, 2, 1, 3, 0),
(188, 2, 'Paco Alcacer', 'Forward', 'Spain', 17, '1993-08-30', 176, 6, 3, 1, 0),
(189, 2, 'Andre Gomes', 'Midfielder', 'Portugal', 21, '1993-07-30', 188, 3, 2, 6, 0),
(190, 2, 'Sergi Roberto', 'Defender', 'Spain', 20, '1992-02-07', 178, 1, 6, 7, 0),
(191, 3, 'Angel Correa', 'Forward', 'Argentina', 11, '1995-03-09', 171, 8, 5, 3, 0),
(192, 3, 'Augusto Fernandez', 'Midfielder', 'Argentina', 12, '1986-04-10', 177, 1, 1, 3, 0),
(193, 3, 'Lucas Hernandez', 'Defender', 'France', 19, '1996-02-14', 184, 0, 0, 4, 0),
(194, 4, 'Franco Vazquez', 'Midfielder', 'Argentina', 22, '1989-02-22', 187, 6, 7, 4, 0),
(195, 4, 'Joaquin Correa', 'Forward', 'Argentina', 11, '1994-08-13', 188, 6, 3, 2, 0),
(196, 4, 'Mariano', 'Defender', 'Spain', 3, '1986-06-23', 178, 0, 2, 2, 0),
(197, 5, 'Alvaro Gonzalez', 'Defender', 'Spain', 2, '1990-01-08', 182, 0, 1, 3, 0),
(198, 5, 'Denis Cheryshev', 'Midfielder', 'Russia', 7, '1990-12-26', 179, 2, 3, 3, 0),
(199, 5, 'Rodri', 'Midfielder', 'Spain', 16, '1996-06-22', 191, 1, 2, 5, 0),
(200, 6, 'David Concha', 'Midfielder', 'Spain', 20, '1996-11-20', 176, 1, 1, 2, 0),
(201, 6, 'Geronimo Rulli', 'Goalkeeper', 'Argentina', 1, '1992-05-20', 189, 0, 0, 1, 0),
(203, 7, 'Markel Susaeta', 'Midfielder', 'Spain', 14, '1987-12-14', 179, 3, 4, 2, 0),
(204, 7, 'Mikel Rico', 'Midfielder', 'Spain', 17, '1984-11-04', 180, 0, 1, 1, 0),
(205, 7, 'Ander Iturraspe', 'Midfielder', 'Spain', 8, '1989-03-08', 187, 0, 0, 2, 0),
(206, 8, 'Felipe Caicedo', 'Forward', 'Ecuador', 20, '1988-09-05', 183, 2, 1, 3, 0),
(207, 8, 'Diego Reyes', 'Defender', 'Mexico', 15, '1992-09-19', 189, 0, 0, 6, 0),
(208, 8, 'Alvaro Vazquez', 'Forward', 'Spain', 9, '1991-04-27', 182, 3, 1, 3, 0),
(209, 9, 'Christian Santos', 'Forward', 'Venezuela', 9, '1988-03-24', 184, 2, 0, 2, 0),
(210, 9, 'Oscar Romero', 'Midfielder', 'Paraguay', 10, '1992-07-04', 176, 1, 2, 4, 0),
(211, 9, 'Carlos Pena', 'Midfielder', 'Mexico', 14, '1990-03-29', 175, 0, 1, 1, 0),
(212, 10, 'Alejandro Galvez', 'Defender', 'Spain', 5, '1989-06-06', 188, 0, 0, 7, 0),
(213, 10, 'Nano Mesa', 'Forward', 'Spain', 19, '1995-02-05', 180, 2, 1, 2, 0),
(214, 10, 'Fran Rico', 'Midfielder', 'Spain', 11, '1987-08-03', 184, 1, 1, 3, 0),
(215, 11, 'Chory Castro', 'Midfielder', 'Uruguay', 11, '1984-09-14', 176, 2, 3, 3, 0),
(216, 11, 'Adalberto Penaranda', 'Forward', 'Venezuela', 17, '1997-05-31', 183, 1, 0, 3, 0),
(217, 11, 'Llorente', 'Midfielder', 'Spain', 6, '1990-01-28', 186, 1, 1, 3, 0),
(218, 12, 'Zakaria Bakkali', 'Forward', 'Belgium', 7, '1996-01-26', 168, 1, 0, 2, 0),
(219, 12, 'Martin Montoya', 'Defender', 'Spain', 2, '1991-04-14', 175, 0, 1, 3, 0),
(220, 12, 'Aymen Abdennour', 'Defender', 'Tunisia', 23, '1989-08-06', 187, 0, 0, 2, 0),
(221, 13, 'Sergi Gomez', 'Defender', 'Spain', 20, '1992-03-28', 185, 0, 0, 5, 0),
(222, 13, 'Giuseppe Rossi', 'Forward', 'Italy', 25, '1987-02-01', 173, 4, 1, 1, 0),
(223, 13, 'Jozabed Sanchez', 'Midfielder', 'Spain', 11, '1991-03-08', 180, 1, 2, 1, 0),
(224, 14, 'Michel Macedo', 'Defender', 'Brazil', 2, '1990-02-15', 174, 0, 1, 4, 0),
(225, 14, 'Hernan Toledo', 'Midfielder', 'Argentina', 22, '1996-01-19', 179, 0, 0, 1, 0),
(226, 14, 'Marko Livaja', 'Forward', 'Croatia', 9, '1993-08-26', 182, 5, 1, 5, 1),
(227, 15, 'Ryan Donk', 'Midfielder', 'Netherlands', 15, '1986-03-30', 192, 0, 1, 2, 0),
(228, 15, 'Jose Carlos', 'Midfielder', 'Spain', 17, '1997-01-07', 180, 0, 0, 1, 0),
(229, 15, 'Zouhair Feddal', 'Defender', 'Morocco', 4, '1989-06-01', 192, 1, 0, 3, 0),
(230, 16, 'Juan Dominguez', 'Midfielder', 'Spain', 14, '1990-01-08', 183, 0, 1, 3, 0),
(231, 16, 'Alejandro Arribas', 'Defender', 'Spain', 5, '1989-05-01', 183, 0, 0, 4, 0),
(232, 16, 'Emre Colak', 'Midfielder', 'Turkey', 20, '1991-05-20', 168, 3, 2, 3, 0),
(233, 17, 'David Timor', 'Midfielder', 'Spain', 21, '1989-10-17', 185, 4, 2, 6, 0),
(234, 17, 'Unai Lopez', 'Midfielder', 'Spain', 8, '1995-10-30', 173, 2, 3, 1, 0),
(235, 17, 'Alberto Bueno', 'Forward', 'Spain', 7, '1988-03-20', 178, 1, 0, 2, 0),
(236, 18, 'Jean-Sylvain Babin', 'Defender', 'Martinique', 6, '1986-10-14', 181, 1, 0, 5, 0),
(237, 18, 'Burgui', 'Midfielder', 'Spain', 10, '1993-10-29', 185, 2, 2, 5, 0),
(238, 18, 'Victor Rodriguez', 'Midfielder', 'Spain', 18, '1989-07-23', 170, 1, 1, 3, 0),
(239, 19, 'Oriol Riera', 'Forward', 'Spain', 9, '1986-07-03', 185, 6, 2, 3, 0),
(240, 19, 'Miguel de las Cuevas', 'Midfielder', 'Spain', 7, '1986-06-19', 175, 1, 1, 3, 0),
(241, 19, 'Carlos Clerc', 'Defender', 'Spain', 3, '1992-02-21', 180, 0, 1, 3, 0),
(242, 20, 'Pape Diop', 'Midfielder', 'Senegal', 12, '1986-03-19', 180, 1, 1, 6, 0),
(243, 20, 'Jeremie Boga', 'Midfielder', 'France', 19, '1997-01-03', 172, 2, 0, 4, 0),
(244, 20, 'Titi', 'Defender', 'Brazil', 5, '1988-01-12', 183, 0, 0, 3, 0),
(245, 1, 'James Rodriguez', 'Midfielder', 'Colombia', 10, '1991-07-12', 180, 8, 6, 2, 0),
(246, 1, 'Fabio Coentrao', 'Defender', 'Portugal', 15, '1988-03-11', 179, 0, 1, 3, 0),
(247, 1, 'Kiko Casilla', 'Goalkeeper', 'Spain', 13, '1986-10-02', 191, 0, 0, 1, 0),
(248, 2, 'Rafinha', 'Midfielder', 'Brazil', 12, '1993-02-12', 174, 7, 5, 3, 0),
(249, 2, 'Aleix Vidal', 'Defender', 'Spain', 22, '1989-08-21', 177, 2, 2, 2, 0),
(250, 2, 'Jasper Cillessen', 'Goalkeeper', 'Netherlands', 13, '1989-04-22', 185, 0, 0, 0, 0),
(251, 3, 'Nico Gaitan', 'Midfielder', 'Argentina', 23, '1988-02-23', 173, 3, 2, 4, 0),
(252, 3, 'Sime Vrsaljko', 'Defender', 'Croatia', 16, '1992-01-10', 181, 0, 2, 5, 0),
(253, 3, 'Miguel Angel Moya', 'Goalkeeper', 'Spain', 1, '1984-04-02', 189, 0, 0, 0, 0),
(254, 4, 'Michael Krohn-Dehli', 'Midfielder', 'Denmark', 7, '1983-06-06', 171, 0, 1, 0, 0),
(255, 4, 'Nicolas Pareja', 'Defender', 'Argentina', 21, '1984-01-19', 181, 0, 0, 6, 0),
(256, 4, 'David Soria', 'Goalkeeper', 'Spain', 13, '1993-04-04', 192, 0, 0, 0, 0),
(258, 5, 'Mateo Musacchio', 'Defender', 'Argentina', 4, '1990-08-26', 182, 1, 0, 3, 0),
(259, 5, 'Andres Fernandez', 'Goalkeeper', 'Spain', 13, '1986-12-17', 187, 0, 0, 0, 0),
(260, 6, 'Ruben Pardo', 'Midfielder', 'Spain', 14, '1992-10-22', 180, 0, 1, 2, 0),
(261, 6, 'Kevin Rodrigues', 'Defender', 'Portugal', 19, '1994-03-05', 170, 1, 0, 4, 0),
(262, 6, 'Tono Ramirez', 'Goalkeeper', 'Spain', 13, '1990-12-23', 185, 0, 0, 0, 0),
(263, 7, 'Iago Herrerin', 'Goalkeeper', 'Spain', 25, '1988-01-25', 187, 0, 0, 0, 0),
(264, 7, 'Eneko Boveda', 'Defender', 'Spain', 12, '1988-12-14', 180, 0, 0, 2, 0),
(265, 7, 'Unai Nunez', 'Defender', 'Spain', 30, '1997-01-03', 186, 0, 0, 3, 0),
(266, 8, 'Diego Lopez', 'Goalkeeper', 'Spain', 13, '1981-11-03', 196, 0, 0, 0, 0),
(267, 8, 'Oscar Duarte', 'Defender', 'Costa Rica', 6, '1989-06-03', 184, 0, 0, 3, 0),
(268, 8, 'Marc Navarro', 'Defender', 'Spain', 2, '1995-07-02', 188, 1, 0, 2, 0),
(269, 9, 'Fernando Pacheco', 'Goalkeeper', 'Spain', 13, '1992-05-18', 186, 0, 0, 0, 0),
(270, 9, 'Edgar Mendez', 'Forward', 'Spain', 8, '1990-01-02', 185, 3, 1, 2, 0),
(271, 9, 'Alexis Ruano', 'Defender', 'Spain', 4, '1985-08-04', 183, 0, 0, 4, 0),
(272, 10, 'Yoel Rodriguez', 'Goalkeeper', 'Spain', 13, '1988-08-28', 185, 0, 0, 0, 0),
(273, 10, 'Lillo Castellano', 'Defender', 'Spain', 2, '1989-03-27', 180, 0, 0, 3, 0),
(274, 10, 'Christian Rivera', 'Midfielder', 'Spain', 6, '1997-07-09', 191, 1, 0, 2, 0),
(275, 11, 'Boyko', 'Goalkeeper', 'Ukraine', 1, '1988-01-29', 194, 0, 0, 0, 0),
(276, 11, 'Diego Gonzalez', 'Defender', 'Spain', 4, '1995-01-28', 184, 0, 0, 2, 0),
(277, 11, 'Keko', 'Midfielder', 'Spain', 11, '1991-12-27', 173, 1, 1, 1, 0),
(278, 12, 'Mario Suarez', 'Midfielder', 'Spain', 14, '1987-02-24', 188, 0, 1, 3, 0),
(279, 12, 'Joao Cancelo', 'Defender', 'Portugal', 3, '1994-05-27', 182, 1, 2, 4, 0),
(280, 12, 'Matt Ryan', 'Goalkeeper', 'Australia', 25, '1992-04-08', 184, 0, 0, 0, 0),
(281, 13, 'Alvaro Lemos', 'Forward', 'Spain', 17, '1993-03-30', 179, 0, 0, 1, 0),
(282, 13, 'David Junca', 'Defender', 'Spain', 3, '1993-11-16', 175, 0, 1, 4, 0),
(283, 13, 'Ivan Villar', 'Goalkeeper', 'Spain', 13, '1997-07-09', 186, 0, 0, 0, 0),
(284, 14, 'Javi Castellano', 'Midfielder', 'Spain', 18, '1987-11-02', 183, 0, 0, 4, 0),
(285, 14, 'Helder Lopes', 'Defender', 'Portugal', 3, '1989-01-04', 180, 0, 1, 4, 0),
(286, 14, 'Javi Varas', 'Goalkeeper', 'Spain', 1, '1982-09-10', 183, 0, 0, 0, 0),
(287, 15, 'Darko Brasanac', 'Midfielder', 'Serbia', 21, '1992-02-12', 178, 1, 2, 3, 0),
(288, 15, 'Cristiano Piccini', 'Defender', 'Italy', 2, '1992-09-26', 189, 0, 1, 3, 0),
(289, 15, 'Antonio Adan', 'Goalkeeper', 'Spain', 13, '1987-05-13', 190, 0, 0, 0, 0),
(290, 16, 'Luisinho', 'Defender', 'Portugal', 3, '1985-05-05', 175, 0, 0, 4, 0),
(291, 16, 'Joselu', 'Forward', 'Spain', 7, '1990-03-27', 192, 5, 2, 1, 0),
(292, 16, 'Fabian Schar', 'Defender', 'Switzerland', 24, '1991-12-20', 186, 2, 0, 4, 0),
(293, 17, 'Raul Garcia', 'Defender', 'Spain', 22, '1989-04-30', 183, 0, 0, 2, 0),
(294, 17, 'Chuli', 'Forward', 'Spain', 9, '1991-01-25', 174, 1, 0, 2, 0),
(295, 17, 'Alberto Martin', 'Midfielder', 'Spain', 14, '1988-06-24', 178, 0, 0, 3, 0),
(296, 18, 'Amorebieta', 'Defender', 'Venezuela', 4, '1985-03-29', 192, 0, 0, 3, 0),
(297, 18, 'Victor Alvarez', 'Midfielder', 'Spain', 17, '1993-01-14', 183, 1, 0, 2, 0),
(298, 18, 'Douglas', 'Defender', 'Brazil', 2, '1990-08-06', 170, 0, 0, 2, 0),
(299, 19, 'Dejan Lekic', 'Forward', 'Serbia', 9, '1985-06-07', 193, 1, 0, 2, 0),
(300, 19, 'Miguel Angel Guerrero', 'Midfielder', 'Spain', 19, '1990-06-12', 182, 0, 1, 3, 0),
(301, 19, 'Tano Bonin', 'Defender', 'Spain', 4, '1990-06-30', 185, 0, 0, 3, 0),
(302, 20, 'Cheick Doukoure', 'Midfielder', 'Ivory Coast', 20, '1992-09-11', 180, 1, 1, 4, 0),
(303, 20, 'Pedro Lopez', 'Defender', 'Spain', 12, '1983-11-01', 176, 0, 0, 5, 0),
(304, 20, 'Oier Olazabal', 'Goalkeeper', 'Spain', 1, '1989-09-14', 191, 0, 0, 0, 0),
(305, 1, 'Mariano Diaz', 'Forward', 'Dominican Republic', 18, '1993-08-01', 182, 5, 1, 1, 0),
(306, 1, 'Marco Asensio', 'Midfielder', 'Spain', 20, '1996-01-21', 182, 3, 2, 2, 0),
(307, 1, 'Danilo', 'Defender', 'Brazil', 23, '1991-07-15', 184, 1, 2, 5, 0),
(308, 2, 'Arda Turan', 'Midfielder', 'Turkey', 7, '1987-01-30', 177, 3, 3, 2, 0),
(309, 2, 'Lucas Digne', 'Defender', 'France', 19, '1993-07-20', 178, 0, 1, 3, 0),
(310, 2, 'Paco Alcacer', 'Forward', 'Spain', 17, '1993-08-30', 176, 6, 2, 1, 0),
(311, 3, 'Jose Maria Gimenez', 'Defender', 'Uruguay', 24, '1995-01-20', 185, 0, 0, 4, 0),
(312, 3, 'Thomas Partey', 'Midfielder', 'Ghana', 5, '1993-06-13', 185, 2, 3, 3, 0),
(313, 3, 'Kevin Gameiro', 'Forward', 'France', 21, '1987-05-09', 172, 12, 5, 2, 0),
(314, 4, 'Vicente Iborra', 'Midfielder', 'Spain', 8, '1988-01-16', 190, 7, 2, 4, 0),
(315, 4, 'Clement Lenglet', 'Defender', 'France', 5, '1995-06-17', 186, 0, 1, 2, 0),
(316, 4, 'Sergio Rico', 'Goalkeeper', 'Spain', 1, '1993-09-01', 194, 0, 0, 0, 0),
(317, 5, 'Jonathan dos Santos', 'Midfielder', 'Mexico', 8, '1990-04-26', 174, 1, 3, 5, 0),
(318, 5, 'Samir', 'Defender', 'Brazil', 4, '1994-12-05', 188, 0, 0, 4, 0),
(319, 5, 'Andres Fernandez', 'Goalkeeper', 'Spain', 13, '1986-12-17', 187, 0, 0, 0, 0),
(320, 6, 'Willian Jose', 'Forward', 'Brazil', 12, '1991-11-23', 186, 12, 4, 2, 0),
(321, 6, 'Asier Illarramendi', 'Midfielder', 'Spain', 4, '1990-03-08', 179, 3, 6, 2, 0),

(323, 7, 'Aritz Aduriz', 'Forward', 'Spain', 20, '1981-02-11', 182, 16, 2, 3, 0),
(324, 7, 'Raul Garcia', 'Midfielder', 'Spain', 22, '1986-07-11', 183, 10, 4, 6, 1),
(325, 7, 'Yeray Alvarez', 'Defender', 'Spain', 5, '1995-01-24', 183, 1, 0, 3, 0),
(326, 8, 'Gerard Moreno', 'Forward', 'Spain', 7, '1992-04-07', 180, 13, 3, 2, 0),
(327, 8, 'Pablo Piatti', 'Midfielder', 'Argentina', 10, '1989-03-31', 163, 10, 9, 2, 0),
(328, 8, 'Javi Fuego', 'Midfielder', 'Spain', 18, '1984-01-04', 181, 1, 1, 4, 0),
(329, 9, 'Deyverson', 'Forward', 'Brazil', 20, '1991-05-08', 187, 7, 2, 3, 1),
(330, 9, 'Ibai Gomez', 'Midfielder', 'Spain', 15, '1989-11-11', 175, 6, 4, 2, 0),
(332, 10, 'Sergi Enrich', 'Forward', 'Spain', 9, '1990-02-26', 180, 11, 5, 2, 0),
(333, 10, 'Pedro Leon', 'Midfielder', 'Spain', 21, '1986-11-24', 183, 10, 8, 3, 0),
(334, 10, 'Florian Lejeune', 'Defender', 'France', 20, '1991-05-20', 190, 1, 1, 5, 0),
(336, 11, 'Recio', 'Midfielder', 'Spain', 14, '1991-01-11', 183, 2, 3, 4, 0),
(337, 11, 'Luis Hernandez', 'Defender', 'Spain', 2, '1989-04-14', 183, 0, 0, 3, 0),
(338, 12, 'Munir El Haddadi', 'Forward', 'Spain', 17, '1995-09-01', 175, 8, 3, 1, 0),
(339, 12, 'Dani Parejo', 'Midfielder', 'Spain', 10, '1989-04-16', 182, 7, 7, 5, 0),
(340, 12, 'Ezequiel Garay', 'Defender', 'Argentina', 24, '1986-10-10', 189, 0, 1, 3, 0),
(341, 13, 'Iago Aspas', 'Forward', 'Spain', 10, '1987-08-01', 176, 19, 5, 2, 0),
(342, 13, 'Daniel Wass', 'Midfielder', 'Denmark', 18, '1989-05-31', 181, 9, 4, 4, 0),
(343, 13, 'Hugo Mallo', 'Defender', 'Spain', 2, '1991-06-22', 173, 1, 2, 5, 0),
(344, 14, 'Kevin-Prince Boateng', 'Midfielder', 'Ghana', 7, '1987-03-06', 186, 10, 4, 4, 0),

(347, 15, 'Ruben Castro', 'Forward', 'Spain', 24, '1981-06-27', 174, 13, 3, 2, 0),
(348, 15, 'Petros', 'Midfielder', 'Brazil', 25, '1989-05-29', 181, 1, 1, 7, 1),
(349, 15, 'Bruno Gonzalez', 'Defender', 'Spain', 4, '1990-05-24', 184, 1, 0, 4, 0),
(351, 16, 'Celso Borges', 'Midfielder', 'Costa Rica', 22, '1988-05-27', 182, 6, 1, 6, 0),
(353, 17, 'Alexander Szymanowski', 'Forward', 'Argentina', 11, '1988-10-13', 179, 4, 4, 2, 0),
(354, 17, 'Gabriel', 'Midfielder', 'Brazil', 8, '1993-09-23', 181, 2, 3, 1, 0),
(355, 17, 'Martin Mantovani', 'Defender', 'Argentina', 5, '1984-07-07', 185, 1, 1, 3, 0),
(357, 18, 'Sergio Alvarez', 'Midfielder', 'Spain', 6, '1992-01-23', 176, 1, 2, 3, 0);


INSERT INTO Event (eventID, gameID, playerID, event_type, minute)
VALUES
-- Game 1: (1, 1, 2, 2, 3, '2016-12-03')
(1, 1, 4, 'goal', 15),
(2, 1, 2, 'assist', 15),
(3, 1, 8, 'goal', 42),
(4, 1, 9, 'assist', 42),
(5, 1, 7, 'yellow_card', 67),
(6, 1, 10, 'yellow_card', 89),

-- Game 2: (2, 1, 3, 3, 0, '2016-09-17')
(7, 2, 6, 'goal', 23),
(8, 2, 3, 'assist', 23),
(9, 2, 15, 'goal', 56),
(10, 2, 13, 'assist', 56),
(11, 2, 14, 'goal', 77),
(12, 2, 8, 'assist', 77),

-- Game 3: (3, 1, 4, 2, 1, '2016-11-06')
(13, 3, 7, 'goal', 34),
(14, 3, 4, 'assist', 34),
(15, 3, 6, 'yellow_card', 60),
(16, 3, 10, 'goal', 85),
(17, 3, 8, 'assist', 85),

-- Game 4: (4, 1, 5, 5, 0, '2016-10-26')
(18, 4, 11, 'goal', 12),
(19, 4, 5, 'assist', 12),
(20, 4, 9, 'goal', 47),
(21, 4, 8, 'assist', 47),
(22, 4, 12, 'goal', 65),
(23, 4, 15, 'assist', 65),
(24, 4, 7, 'goal', 78),
(25, 4, 6, 'assist', 78),
(26, 4, 14, 'yellow_card', 81),

-- Game 5: (5, 1, 6, 3, 0, '2017-01-29')
(27, 5, 4, 'goal', 19),
(28, 5, 3, 'assist', 19),
(29, 5, 10, 'goal', 70),
(30, 5, 15, 'assist', 70),
(31, 5, 6, 'goal', 85),
(32, 5, 8, 'assist', 85),

-- Game 6: (6, 1, 7, 2, 1, '2016-12-10')
(33, 6, 11, 'goal', 29),
(34, 6, 6, 'assist', 29),
(35, 6, 12, 'goal', 78),
(36, 6, 7, 'yellow_card', 80),
(37, 6, 15, 'red_card', 89),

-- Game 7: (7, 1, 8, 2, 0, '2017-02-18')
(38, 7, 14, 'goal', 44),
(39, 7, 8, 'assist', 44),
(40, 7, 15, 'goal', 63),
(41, 7, 3, 'yellow_card', 71),

-- Game 8: (8, 1, 9, 3, 0, '2017-04-23')
(42, 8, 5, 'goal', 22),
(43, 8, 2, 'assist', 22),
(44, 8, 15, 'goal', 45),
(45, 8, 13, 'assist', 45),
(46, 8, 6, 'goal', 82),

-- Game 9: (9, 1, 10, 1, 1, '2016-10-02')
(47, 9, 13, 'goal', 38),
(48, 9, 8, 'assist', 38),
(49, 9, 14, 'yellow_card', 66),
(50, 9, 3, 'red_card', 90),

-- Game 10: (10, 1, 11, 2, 1, '2016-09-10')
(51, 10, 12, 'goal', 31),
(52, 10, 14, 'assist', 31),
(53, 10, 3, 'goal', 59),
(54, 10, 11, 'yellow_card', 72),
(55, 10, 6, 'red_card', 85),

-- Game 11: (11, 1, 12, 2, 1, '2017-05-21')
(56, 11, 11, 'goal', 22),
(57, 11, 6, 'assist', 22),
(58, 11, 14, 'goal', 65),
(59, 11, 8, 'assist', 65),
(60, 11, 10, 'yellow_card', 78),

-- Game 12: (12, 1, 13, 2, 1, '2017-03-12')
(61, 12, 9, 'goal', 18),
(62, 12, 3, 'assist', 18),
(63, 12, 7, 'goal', 52),
(64, 12, 4, 'assist', 52),
(65, 12, 12, 'yellow_card', 79),

-- Game 13: (13, 1, 14, 3, 3, '2017-04-05')
(66, 13, 6, 'goal', 11),
(67, 13, 9, 'assist', 11),
(68, 13, 14, 'goal', 37),
(69, 13, 7, 'assist', 37),
(70, 13, 10, 'goal', 84),
(71, 13, 15, 'assist', 84),
(72, 13, 8, 'yellow_card', 90),

-- Game 14: (14, 1, 15, 2, 1, '2016-11-19')
(73, 14, 5, 'goal', 24),
(74, 14, 3, 'assist', 24),
(75, 14, 13, 'goal', 77),
(76, 14, 6, 'assist', 77),
(77, 14, 14, 'yellow_card', 83),

-- Game 15: (15, 1, 16, 3, 2, '2017-02-11')
(78, 15, 8, 'goal', 19),
(79, 15, 11, 'assist', 19),
(80, 15, 15, 'goal', 40),
(81, 15, 7, 'assist', 40),
(82, 15, 9, 'goal', 63),
(83, 15, 3, 'assist', 63),
(84, 15, 12, 'yellow_card', 70),
(85, 15, 14, 'yellow_card', 88),

-- Game 16: (16, 1, 17, 4, 2, '2017-04-08')
(86, 16, 14, 'goal', 31),
(87, 16, 4, 'assist', 31),
(88, 16, 7, 'goal', 44),
(89, 16, 6, 'assist', 44),
(90, 16, 5, 'goal', 81),
(91, 16, 3, 'assist', 81),
(92, 16, 15, 'yellow_card', 86),
(93, 16, 9, 'red_card', 90),

-- Game 17: (17, 1, 18, 5, 0, '2017-01-14')
(94, 17, 10, 'goal', 12),
(95, 17, 5, 'assist', 12),
(96, 17, 11, 'goal', 47),
(97, 17, 4, 'assist', 47),
(98, 17, 14, 'goal', 78),
(99, 17, 6, 'assist', 78),
(100, 17, 8, 'goal', 84),
(101, 17, 3, 'assist', 84),
(102, 17, 9, 'goal', 90),
(103, 17, 7, 'assist', 90),

-- Game 18: (18, 1, 19, 2, 1, '2017-03-05')
(104, 18, 9, 'goal', 25),
(105, 18, 3, 'assist', 25),
(106, 18, 6, 'goal', 72),
(107, 18, 5, 'assist', 72),
(108, 18, 7, 'yellow_card', 87),

-- Game 19: (19, 1, 20, 4, 0, '2016-09-21')
(109, 19, 12, 'goal', 11),
(110, 19, 9, 'assist', 11),
(111, 19, 13, 'goal', 33),
(112, 19, 8, 'assist', 33),
(113, 19, 15, 'goal', 66),
(114, 19, 7, 'assist', 66),
(115, 19, 10, 'goal', 79),
(116, 19, 6, 'assist', 79),
(117, 19, 14, 'yellow_card', 87),

-- Game 20: (20, 2, 1, 3, 2, '2017-04-23')
(118, 20, 4, 'goal', 19),
(119, 20, 2, 'assist', 19),
(120, 20, 7, 'goal', 43),
(121, 20, 6, 'assist', 43),
(122, 20, 9, 'yellow_card', 52),
(123, 20, 11, 'yellow_card', 75),

-- Game 21: (21, 2, 3, 1, 2, '2016-10-15')
(124, 21, 5, 'goal', 12),
(125, 21, 3, 'assist', 12),
(126, 21, 13, 'goal', 77),
(127, 21, 8, 'assist', 77),
(128, 21, 10, 'yellow_card', 84),

-- Game 22: (22, 2, 4, 2, 1, '2017-01-12')
(129, 22, 9, 'goal', 29),
(130, 22, 8, 'assist', 29),
(131, 22, 15, 'goal', 63),
(132, 22, 6, 'assist', 63),
(133, 22, 14, 'yellow_card', 90),

-- Game 23: (23, 2, 5, 2, 3, '2016-12-10')
(134, 23, 7, 'goal', 22),
(135, 23, 4, 'assist', 22),
(136, 23, 11, 'goal', 41),
(137, 23, 5, 'assist', 41),
(138, 23, 13, 'goal', 85),
(139, 23, 15, 'assist', 85),
(140, 23, 9, 'yellow_card', 68),

-- Game 24: (24, 2, 6, 1, 1, '2016-09-10')
(141, 24, 12, 'goal', 34),
(142, 24, 6, 'assist', 34),
(143, 24, 10, 'yellow_card', 50),


-- Game 25: (25, 2, 7, 0, 0, '2017-03-11')
-- No events as the game ended in a 0-0 draw.

-- Game 26: (26, 2, 8, 2, 0, '2017-01-21')
(144, 26, 11, 'goal', 29),
(145, 26, 8, 'assist', 29),
(146, 26, 14, 'goal', 75),
(147, 26, 6, 'assist', 75),

-- Game 27: (27, 2, 9, 3, 0, '2017-02-19')
(148, 27, 9, 'goal', 16),
(149, 27, 5, 'assist', 16),
(150, 27, 12, 'goal', 54),
(151, 27, 6, 'assist', 54),
(152, 27, 10, 'goal', 73),
(153, 27, 13, 'assist', 73),

-- Game 28: (28, 2, 10, 4, 2, '2016-11-06')
(154, 28, 3, 'goal', 10),
(155, 28, 6, 'assist', 10),
(156, 28, 11, 'goal', 33),
(157, 28, 4, 'assist', 33),
(158, 28, 7, 'goal', 56),
(159, 28, 9, 'assist', 56),
(160, 28, 8, 'goal', 81),
(161, 28, 5, 'assist', 81),
(162, 28, 13, 'yellow_card', 69),
(163, 28, 14, 'yellow_card', 88),

-- Game 29: (29, 2, 11, 1, 0, '2017-04-15')
(164, 29, 15, 'goal', 45),
(165, 29, 3, 'assist', 45),

-- Game 30: (30, 2, 12, 2, 1, '2017-03-05')
(166, 30, 4, 'goal', 25),
(167, 30, 5, 'assist', 25),
(168, 30, 10, 'goal', 64),
(169, 30, 6, 'assist', 64),
(170, 30, 13, 'yellow_card', 80),

-- Game 31: (31, 2, 13, 3, 1, '2017-02-12')
(171, 31, 5, 'goal', 27),
(172, 31, 4, 'assist', 27),
(173, 31, 14, 'goal', 63),
(174, 31, 6, 'assist', 63),
(175, 31, 8, 'goal', 78),
(176, 31, 9, 'assist', 78),
(177, 31, 7, 'yellow_card', 84),

-- Game 32: (32, 2, 14, 1, 2, '2017-01-08')
(178, 32, 15, 'goal', 12),
(179, 32, 8, 'assist', 12),
(180, 32, 13, 'goal', 54),
(181, 32, 6, 'assist', 54),
(182, 32, 4, 'yellow_card', 78),

-- Game 33: (33, 2, 15, 2, 0, '2016-12-17')
(183, 33, 12, 'goal', 19),
(184, 33, 7, 'assist', 19),
(185, 33, 6, 'goal', 67),
(186, 33, 11, 'assist', 67),
(187, 33, 14, 'yellow_card', 83),

-- Game 34: (34, 2, 16, 3, 2, '2017-02-26')
(188, 34, 8, 'goal', 21),
(189, 34, 5, 'assist', 21),
(190, 34, 7, 'goal', 44),
(191, 34, 4, 'assist', 44),
(192, 34, 11, 'goal', 81),
(193, 34, 6, 'assist', 81),
(194, 34, 9, 'yellow_card', 65),

-- Game 35: (35, 2, 17, 1, 0, '2017-03-18')
(195, 35, 15, 'goal', 32),
(196, 35, 12, 'assist', 32),
(197, 35, 10, 'yellow_card', 59),

-- Game 36: (36, 2, 18, 4, 0, '2016-10-29')
(198, 36, 9, 'goal', 16),
(199, 36, 3, 'assist', 16),
(200, 36, 11, 'goal', 41),
(201, 36, 7, 'assist', 41),
(202, 36, 15, 'goal', 79),
(203, 36, 6, 'assist', 79),
(204, 36, 8, 'goal', 88),
(205, 36, 4, 'assist', 88),

-- Game 37: (37, 2, 19, 3, 0, '2016-09-24')
(206, 37, 4, 'goal', 12),
(207, 37, 2, 'assist', 12),
(208, 37, 13, 'goal', 54),
(209, 37, 7, 'assist', 54),
(210, 37, 10, 'goal', 82),
(211, 37, 3, 'assist', 82),

-- Game 38: (38, 2, 20, 2, 2, '2017-01-29')
(212, 38, 11, 'goal', 20),
(213, 38, 6, 'assist', 20),
(214, 38, 14, 'goal', 57),
(215, 38, 8, 'assist', 57),
(216, 38, 13, 'yellow_card', 63),
(217, 38, 7, 'yellow_card', 79),

-- Game 39: (39, 3, 1, 0, 3, '2016-09-17')
(218, 39, 15, 'yellow_card', 19),
(219, 39, 11, 'yellow_card', 43),
(220, 39, 9, 'yellow_card', 67),
(221, 39, 7, 'red_card', 78),

-- Game 40: (40, 3, 2, 2, 0, '2016-10-15')
(222, 40, 10, 'goal', 14),
(223, 40, 8, 'assist', 14),
(224, 40, 12, 'goal', 54),
(225, 40, 4, 'assist', 54),
(226, 40, 15, 'yellow_card', 77),

-- Game 41: (41, 3, 4, 2, 2, '2017-01-29')
(227, 41, 9, 'goal', 22),
(228, 41, 2, 'assist', 22),
(229, 41, 13, 'goal', 69),
(230, 41, 6, 'assist', 69),
(231, 41, 14, 'yellow_card', 84),
(232, 41, 11, 'yellow_card', 90),

-- Game 42: (42, 3, 5, 1, 2, '2017-04-15')
(233, 42, 10, 'goal', 12),
(234, 42, 7, 'assist', 12),
(235, 42, 6, 'yellow_card', 45),
(236, 42, 5, 'red_card', 88),

-- Game 43: (43, 3, 6, 1, 0, '2016-11-06')
(237, 43, 11, 'goal', 19),
(238, 43, 3, 'assist', 19),
(239, 43, 13, 'yellow_card', 61),

-- Game 44: (44, 3, 7, 3, 1, '2016-12-10')
(240, 44, 8, 'goal', 17),
(241, 44, 6, 'assist', 17),
(242, 44, 12, 'goal', 39),
(243, 44, 14, 'assist', 39),
(244, 44, 15, 'goal', 72),
(245, 44, 7, 'assist', 72),
(246, 44, 5, 'yellow_card', 88),

-- Game 45: (45, 3, 8, 2, 2, '2016-09-21')
(247, 45, 9, 'goal', 20),
(248, 45, 3, 'assist', 20),
(249, 45, 11, 'goal', 63),
(250, 45, 8, 'assist', 63),
(251, 45, 15, 'yellow_card', 78),
(252, 45, 7, 'yellow_card', 85),

-- Game 46: (46, 3, 9, 2, 0, '2017-03-05')
(253, 46, 13, 'goal', 11),
(254, 46, 5, 'assist', 11),
(255, 46, 12, 'goal', 54),
(256, 46, 6, 'assist', 54),
(257, 46, 14, 'yellow_card', 82),

-- Game 47: (47, 3, 10, 1, 0, '2017-03-11')
(258, 47, 15, 'goal', 33),
(259, 47, 8, 'assist', 33),
(260, 47, 9, 'yellow_card', 55),

-- Game 48: (48, 3, 11, 2, 1, '2017-01-22')
(261, 48, 6, 'goal', 21),
(262, 48, 3, 'assist', 21),
(263, 48, 10, 'goal', 43),
(264, 48, 8, 'assist', 43),
(265, 48, 13, 'yellow_card', 59),

-- Game 49: (49, 3, 12, 1, 1, '2017-02-05')
(266, 49, 15, 'goal', 19),
(267, 49, 7, 'assist', 19),
(268, 49, 11, 'yellow_card', 77),

-- Game 50: (50, 3, 13, 3, 2, '2016-10-29')
(269, 50, 9, 'goal', 12),
(270, 50, 3, 'assist', 12),
(271, 50, 10, 'goal', 51),
(272, 50, 8, 'assist', 51),
(273, 50, 6, 'goal', 79),
(274, 50, 4, 'assist', 79),
(275, 50, 14, 'yellow_card', 65),

-- Game 51: (51, 3, 14, 1, 1, '2016-11-20')
(276, 51, 13, 'goal', 34),
(277, 51, 6, 'assist', 34),
(278, 51, 15, 'yellow_card', 89),

-- Game 52: (52, 3, 15, 2, 0, '2017-04-29')
(279, 52, 10, 'goal', 19),
(280, 52, 8, 'assist', 19),
(281, 52, 14, 'goal', 67),
(282, 52, 5, 'assist', 67),
(283, 52, 7, 'yellow_card', 72),

-- Game 53: (53, 3, 16, 2, 1, '2017-01-08')
(284, 53, 9, 'goal', 22),
(285, 53, 4, 'assist', 22),
(286, 53, 13, 'goal', 44),
(287, 53, 6, 'assist', 44),
(288, 53, 15, 'yellow_card', 63),

-- Game 54: (54, 3, 17, 1, 0, '2017-03-12')
(289, 54, 11, 'goal', 39),
(290, 54, 3, 'assist', 39),
(291, 54, 12, 'yellow_card', 58),

-- Game 55: (55, 3, 18, 4, 1, '2016-12-18')
(292, 55, 15, 'goal', 14),
(293, 55, 7, 'assist', 14),
(294, 55, 9, 'goal', 33),
(295, 55, 6, 'assist', 33),
(296, 55, 12, 'goal', 77),
(297, 55, 4, 'assist', 77),
(298, 55, 10, 'goal', 85),
(299, 55, 11, 'assist', 85),
(300, 55, 14, 'yellow_card', 88),

-- Game 56: (56, 3, 19, 2, 0, '2017-02-26')
(301, 56, 8, 'goal', 21),
(302, 56, 3, 'assist', 21),
(303, 56, 13, 'goal', 67),
(304, 56, 5, 'assist', 67),
(305, 56, 11, 'yellow_card', 83),

-- Game 57: (57, 3, 20, 5, 1, '2017-03-19')
(306, 57, 9, 'goal', 13),
(307, 57, 4, 'assist', 13),
(308, 57, 7, 'goal', 40),
(309, 57, 3, 'assist', 40),
(310, 57, 13, 'goal', 59),
(311, 57, 6, 'assist', 59),
(312, 57, 10, 'goal', 73),
(313, 57, 8, 'assist', 73),
(314, 57, 15, 'goal', 88),
(315, 57, 12, 'assist', 88),
(316, 57, 11, 'yellow_card', 90),

-- Game 58: (58, 4, 1, 1, 2, '2016-10-16')
(317, 58, 15, 'goal', 42),
(318, 58, 6, 'assist', 42),
(319, 58, 13, 'yellow_card', 67),
(320, 58, 4, 'red_card', 78),

-- Game 59: (59, 4, 2, 0, 0, '2016-09-20')
-- No events as the game ended in a 0-0 draw.

-- Game 60: (60, 4, 3, 0, 2, '2017-03-19')
(321, 60, 14, 'yellow_card', 33),
(322, 60, 5, 'yellow_card', 45),

-- Game 61: (61, 4, 5, 2, 1, '2016-11-06')
(323, 61, 10, 'goal', 24),
(324, 61, 8, 'assist', 24),
(325, 61, 13, 'goal', 67),
(326, 61, 4, 'assist', 67),
(327, 61, 15, 'yellow_card', 78),

-- Game 62: (62, 4, 6, 1, 0, '2016-09-10')
(328, 62, 11, 'goal', 45),
(329, 62, 9, 'assist', 45),
(330, 62, 14, 'yellow_card', 52),

-- Game 63: (63, 4, 7, 1, 1, '2017-01-29')
(331, 63, 8, 'goal', 22),
(332, 63, 6, 'assist', 22),
(333, 63, 15, 'yellow_card', 39),
(334, 63, 5, 'red_card', 78),

-- Game 64: (64, 4, 8, 3, 3, '2017-01-15')
(335, 64, 12, 'goal', 33),
(336, 64, 6, 'assist', 33),
(337, 64, 10, 'goal', 50),
(338, 64, 15, 'assist', 50),
(339, 64, 9, 'goal', 72),
(340, 64, 8, 'assist', 72),
(341, 64, 14, 'yellow_card', 63),
(342, 64, 7, 'yellow_card', 85),

-- Game 65: (65, 4, 9, 2, 1, '2016-12-04')
(343, 65, 13, 'goal', 19),
(344, 65, 8, 'assist', 19),
(345, 65, 12, 'goal', 39),
(346, 65, 6, 'assist', 39),
(347, 65, 14, 'yellow_card', 81),

-- Game 66: (66, 4, 10, 1, 0, '2017-04-22')
(348, 66, 15, 'goal', 59),
(349, 66, 7, 'assist', 59),

-- Game 67: (67, 4, 11, 0, 0, '2017-03-05')
-- No events as the game ended in a 0-0 draw.

-- Game 68: (68, 4, 12, 1, 2, '2017-02-26')
(350, 68, 9, 'goal', 11),
(351, 68, 3, 'assist', 11),
(352, 68, 14, 'yellow_card', 45),
(353, 68, 15, 'red_card', 77),

-- Game 69: (69, 4, 13, 2, 1, '2016-11-19')
(354, 69, 8, 'goal', 22),
(355, 69, 5, 'assist', 22),
(356, 69, 12, 'goal', 66),
(357, 69, 4, 'assist', 66),
(358, 69, 9, 'yellow_card', 79),

-- Game 70: (70, 4, 14, 3, 1, '2016-10-01')
(359, 70, 13, 'goal', 31),
(360, 70, 6, 'assist', 31),
(361, 70, 10, 'goal', 54),
(362, 70, 8, 'assist', 54),
(363, 70, 12, 'goal', 79),
(364, 70, 4, 'assist', 79),
(365, 70, 15, 'yellow_card', 88),

-- Game 71: (71, 4, 15, 2, 0, '2016-12-17')
(366, 71, 11, 'goal', 14),
(367, 71, 3, 'assist', 14),
(368, 71, 6, 'goal', 67),
(369, 71, 9, 'assist', 67),
(370, 71, 14, 'yellow_card', 83),

-- Game 72: (72, 4, 16, 2, 2, '2017-03-12')
(371, 72, 7, 'goal', 19),
(372, 72, 4, 'assist', 19),
(373, 72, 12, 'goal', 66),
(374, 72, 6, 'assist', 66),
(375, 72, 14, 'yellow_card', 79),
(376, 72, 15, 'yellow_card', 85),

-- Game 73: (73, 4, 17, 0, 0, '2016-12-10')
-- No events as the game ended in a 0-0 draw.

-- Game 74: (74, 4, 18, 0, 1, '2017-01-07')
(377, 74, 8, 'red_card', 64),

-- Game 75: (75, 4, 19, 1, 0, '2017-02-11')
(378, 75, 12, 'goal', 33),
(379, 75, 3, 'assist', 33),

(380, 76, 9, 'goal', 18),
(381, 76, 5, 'assist', 18),
(382, 76, 13, 'goal', 70),
(383, 76, 6, 'assist', 70),

-- Game 77: (77, 5, 1, 1, 1, '2016-09-21')
(384, 77, 15, 'goal', 22),
(385, 77, 7, 'assist', 22),
(386, 77, 9, 'goal', 66),
(387, 77, 5, 'assist', 66),

-- Game 78: (78, 5, 2, 0, 1, '2017-03-19')
(388, 78, 14, 'goal', 77),
(389, 78, 3, 'assist', 77),
(390, 78, 15, 'red_card', 85),

-- Game 79: (79, 5, 3, 1, 0, '2016-10-09')
(391, 79, 13, 'goal', 54),
(392, 79, 5, 'assist', 54),

-- Game 80: (80, 5, 4, 0, 0, '2017-01-29')
-- No events as the game ended in a 0-0 draw.

-- Game 81: (81, 5, 6, 2, 1, '2017-03-11')
(393, 81, 11, 'goal', 32),
(394, 81, 4, 'assist', 32),
(395, 81, 15, 'goal', 59),
(396, 81, 6, 'assist', 59),
(397, 81, 14, 'yellow_card', 79),

-- Game 82: (82, 5, 7, 1, 0, '2016-12-18')
(398, 82, 13, 'goal', 41),
(399, 82, 3, 'assist', 41),

-- Game 83: (83, 5, 8, 2, 3, '2017-01-07')
(400, 83, 9, 'goal', 19),
(401, 83, 5, 'assist', 19),
(402, 83, 10, 'goal', 44),
(403, 83, 8, 'assist', 44),
(404, 83, 14, 'goal', 63),
(405, 83, 6, 'assist', 63),
(406, 83, 15, 'red_card', 77),

-- Game 84: (84, 5, 9, 0, 0, '2016-11-26')
-- No events as the game ended in a 0-0 draw.

-- Game 85: (85, 5, 10, 1, 1, '2016-11-05')
(407, 85, 8, 'goal', 31),
(408, 85, 6, 'assist', 31),
(409, 85, 14, 'goal', 88),
(410, 85, 3, 'assist', 88),

-- Game 86: (86, 5, 11, 0, 0, '2017-02-26')
-- No events as the game ended in a 0-0 draw.

-- Game 87: (87, 5, 12, 0, 1, '2017-03-12')
(411, 87, 7, 'goal', 65),
(412, 87, 3, 'assist', 65),

-- Game 88: (88, 5, 13, 2, 0, '2016-12-10')
(413, 88, 15, 'goal', 22),
(414, 88, 8, 'assist', 22),
(415, 88, 10, 'goal', 78),
(416, 88, 6, 'assist', 78),

-- Game 89: (89, 5, 14, 0, 1, '2016-12-17')
(417, 89, 12, 'goal', 77),
(418, 89, 3, 'assist', 77),

-- Game 90: (90, 5, 15, 1, 1, '2017-01-15')
(419, 90, 9, 'goal', 38),
(420, 90, 3, 'assist', 38),
(421, 90, 15, 'goal', 72),
(422, 90, 8, 'assist', 72),

-- Game 91: (91, 5, 16, 2, 3, '2016-10-01')
(423, 91, 11, 'goal', 19),
(424, 91, 5, 'assist', 19),
(425, 91, 13, 'goal', 59),
(426, 91, 8, 'assist', 59),
(427, 91, 14, 'yellow_card', 77),
(428, 91, 15, 'red_card', 85),

-- Game 92: (92, 5, 17, 1, 1, '2017-02-11')
(429, 92, 9, 'goal', 41),
(430, 92, 3, 'assist', 41),
(431, 92, 6, 'yellow_card', 85),

-- Game 93: (93, 5, 18, 2, 1, '2016-10-29')
(432, 93, 10, 'goal', 14),
(433, 93, 8, 'assist', 14),
(434, 93, 13, 'goal', 63),
(435, 93, 6, 'assist', 63),
(436, 93, 15, 'yellow_card', 87),

-- Game 94: (94, 5, 19, 0, 0, '2017-01-22')
-- No events as the game ended in a 0-0 draw.

-- Game 95: (95, 5, 20, 0, 0, '2016-11-05')
-- No events as the game ended in a 0-0 draw.

-- Game 96: (96, 6, 1, 0, 4, '2016-09-10')
(437, 96, 9, 'goal', 12),
(438, 96, 8, 'assist', 12),
(439, 96, 10, 'goal', 37),
(440, 96, 6, 'assist', 37),
(441, 96, 14, 'goal', 54),
(442, 96, 5, 'assist', 54),
(443, 96, 11, 'goal', 81),
(444, 96, 3, 'assist', 81),

-- Game 97: (97, 6, 2, 0, 0, '2017-02-19')
-- No events as the game ended in a 0-0 draw.

-- Game 98: (98, 6, 3, 1, 0, '2017-03-19')
(445, 98, 10, 'goal', 34),
(446, 98, 8, 'assist', 34),

-- Game 99: (99, 6, 4, 1, 1, '2017-04-22')
(447, 99, 11, 'goal', 22),
(448, 99, 3, 'assist', 22),
(449, 99, 14, 'yellow_card', 44),

(449, 100, 15, 'goal', 15),
(450, 100, 8, 'assist', 15),
(451, 100, 9, 'goal', 59),
(452, 100, 6, 'assist', 59),
(453, 100, 11, 'goal', 32),
(454, 100, 3, 'assist', 32),
(455, 100, 14, 'goal', 69),
(456, 100, 7, 'assist', 69),
(457, 100, 14, 'yellow_card', 73),
(458, 100, 13, 'yellow_card', 88),
(456, 101, 11, 'goal', 22),
(457, 101, 3, 'assist', 22),

-- Game 102: (102, 6, 8, 0, 2, '2016-09-21')
(458, 102, 12, 'goal', 33),
(459, 102, 7, 'assist', 33),
(460, 102, 9, 'goal', 78),
(461, 102, 5, 'assist', 78),

-- Game 103: (103, 6, 9, 2, 1, '2017-01-15')
(462, 103, 14, 'goal', 19),
(463, 103, 6, 'assist', 19),
(464, 103, 11, 'goal', 55),
(465, 103, 3, 'assist', 55),
(466, 103, 8, 'goal', 81),

-- Game 104: (104, 6, 10, 3, 3, '2016-12-10')
(467, 104, 13, 'goal', 12),
(468, 104, 7, 'assist', 12),
(469, 104, 14, 'goal', 53),
(470, 104, 5, 'assist', 53),
(471, 104, 15, 'goal', 75),
(472, 104, 11, 'assist', 75),
(473, 104, 10, 'goal', 88),
(474, 104, 4, 'assist', 88),
(475, 104, 12, 'goal', 90),
(476, 104, 6, 'assist', 90),

-- Game 105: (105, 6, 11, 1, 2, '2017-01-28')
(477, 105, 10, 'goal', 22),
(478, 105, 7, 'assist', 22),
(479, 105, 12, 'goal', 64),
(480, 105, 4, 'assist', 64),
(481, 105, 14, 'goal', 80),

-- Game 106: (106, 6, 12, 0, 0, '2016-11-06')
-- No events as the game ended in a 0-0 draw.

-- Game 107: (107, 6, 13, 1, 0, '2017-04-22')
(482, 107, 8, 'goal', 32),
(483, 107, 6, 'assist', 32),

-- Game 108: (108, 6, 14, 3, 1, '2017-03-05')
(484, 108, 13, 'goal', 15),
(485, 108, 5, 'assist', 15),
(486, 108, 14, 'goal', 59),
(487, 108, 7, 'assist', 59),
(488, 108, 15, 'goal', 79),
(489, 108, 3, 'assist', 79),
(490, 108, 11, 'goal', 85),
(491, 108, 4, 'assist', 85),

-- Game 109: (109, 6, 15, 0, 1, '2016-10-16')
(492, 109, 12, 'goal', 33),
(493, 109, 6, 'assist', 33),

-- Game 110: (110, 6, 16, 3, 2, '2016-09-24')
(494, 110, 15, 'goal', 14),
(495, 110, 7, 'assist', 14),
(496, 110, 9, 'goal', 41),
(497, 110, 4, 'assist', 41),
(498, 110, 14, 'goal', 65),
(499, 110, 6, 'assist', 65),
(500, 110, 12, 'goal', 66),
(501, 110, 5, 'assist', 66),
(502, 110, 10, 'goal', 78),
(503, 110, 8, 'assist', 78),

-- Game 111: (111, 6, 17, 2, 2, '2017-02-26')
(504, 111, 10, 'goal', 19),
(505, 111, 3, 'assist', 19),
(506, 111, 13, 'goal', 68),
(507, 111, 4, 'assist', 68),
(508, 111, 15, 'goal', 77),
(509, 111, 6, 'assist', 77),
(510, 111, 8, 'goal', 88),
(511, 112, 13, 'goal', 45),
(512, 112, 6, 'assist', 45),
(513, 112, 9, 'goal', 72),
(514, 112, 3, 'assist', 72),

-- Game 113: (113, 6, 19, 0, 1, '2016-11-27')
(515, 113, 12, 'goal', 55),
(516, 113, 7, 'assist', 55),

-- Game 114: (114, 6, 20, 0, 0, '2016-12-18')
-- No events as the game ended in a 0-0 draw.

-- Game 115: (115, 7, 1, 0, 2, '2016-09-10')
(517, 115, 14, 'goal', 33),
(518, 115, 6, 'assist', 33),
(519, 115, 11, 'goal', 66),
(520, 115, 4, 'assist', 66),

-- Game 116: (116, 7, 2, 1, 1, '2017-03-19')
(521, 116, 15, 'goal', 22),
(522, 116, 6, 'assist', 22),
(523, 116, 10, 'goal', 73),
(524, 116, 5, 'assist', 73),

-- Game 117: (117, 7, 3, 0, 0, '2016-10-22')
-- No events as the game ended in a 0-0 draw.

-- Game 118: (118, 7, 4, 1, 2, '2017-04-29')
(525, 118, 12, 'goal', 19),
(526, 118, 7, 'assist', 19),
(527, 118, 14, 'goal', 57),
(528, 118, 6, 'assist', 57),
(529, 118, 9, 'goal', 88),
(530, 118, 4, 'assist', 88),

-- Game 119: (119, 7, 5, 3, 1, '2016-12-17')
(531, 119, 15, 'goal', 11),
(532, 119, 5, 'assist', 11),
(533, 119, 9, 'goal', 54),
(534, 119, 8, 'assist', 54),
(535, 119, 13, 'goal', 78),
(536, 119, 6, 'assist', 78),
(537, 119, 12, 'goal', 83),

-- Game 120: (120, 7, 6, 2, 0, '2017-01-07')
(538, 120, 10, 'goal', 22),
(539, 120, 4, 'assist', 22),
(540, 120, 11, 'goal', 66),
(541, 120, 8, 'assist', 66),

-- Game 121: (121, 7, 8, 0, 1, '2016-12-04')
(542, 121, 14, 'goal', 33),
(543, 121, 5, 'assist', 33),

-- Game 122: (122, 7, 9, 2, 1, '2017-02-11')
(544, 122, 13, 'goal', 21),
(545, 122, 7, 'assist', 21),
(546, 122, 15, 'goal', 69),
(547, 122, 5, 'assist', 69),
(548, 122, 10, 'goal', 88),
(549, 123, 15, 'goal', 32),
(550, 123, 7, 'assist', 32),
(551, 123, 14, 'goal', 79),
(552, 123, 4, 'assist', 79),

-- Game 124: (124, 7, 11, 0, 1, '2016-11-26')
(553, 124, 12, 'goal', 66),
(554, 124, 9, 'assist', 66),

-- Game 125: (125, 7, 12, 1, 2, '2017-03-12')
(555, 125, 11, 'goal', 25),
(556, 125, 7, 'assist', 25),
(557, 125, 14, 'goal', 41),
(558, 125, 6, 'assist', 41),
(559, 125, 15, 'goal', 78),
(560, 125, 4, 'assist', 78),

-- Game 126: (126, 7, 13, 2, 0, '2016-11-05')
(561, 126, 10, 'goal', 33),
(562, 126, 5, 'assist', 33),
(563, 126, 9, 'goal', 74),
(564, 126, 8, 'assist', 74),

-- Game 127: (127, 7, 14, 0, 0, '2017-04-23')
-- No events as the game ended in a 0-0 draw.

-- Game 128: (128, 7, 15, 2, 1, '2017-01-29')
(565, 128, 13, 'goal', 18),
(566, 128, 7, 'assist', 18),
(567, 128, 15, 'goal', 58),
(568, 128, 4, 'assist', 58),
(569, 128, 10, 'goal', 72),

-- Game 129: (129, 7, 16, 1, 0, '2016-09-20')
(570, 129, 11, 'goal', 47),
(571, 129, 3, 'assist', 47),

-- Game 130: (130, 7, 17, 2, 3, '2017-02-19')
(572, 130, 14, 'goal', 12),
(573, 130, 6, 'assist', 12),
(574, 130, 15, 'goal', 55),
(575, 130, 8, 'assist', 55),
(576, 130, 13, 'goal', 74),
(577, 130, 5, 'assist', 74),
(578, 130, 9, 'goal', 81),
(579, 130, 7, 'assist', 81),
(580, 130, 10, 'goal', 90),

-- Game 131: (131, 7, 18, 1, 1, '2017-03-05')
(581, 131, 12, 'goal', 30),
(582, 131, 9, 'assist', 30),
(583, 131, 11, 'goal', 79),
(584, 131, 6, 'assist', 79),

-- Game 132: (132, 7, 19, 0, 2, '2016-10-02')
(585, 132, 14, 'goal', 22),
(586, 132, 8, 'assist', 22),
(587, 132, 10, 'goal', 65),
(588, 132, 4, 'assist', 65),

-- Game 133: (133, 7, 20, 1, 0, '2017-01-08')
(589, 133, 15, 'goal', 45),
(590, 133, 7, 'assist', 45),
(591, 134, 14, 'goal', 33),
(592, 134, 8, 'assist', 33),
(593, 134, 11, 'goal', 67),
(594, 134, 6, 'assist', 67),

-- Game 135: (135, 8, 2, 1, 3, '2017-04-15')
(595, 135, 13, 'goal', 22),
(596, 135, 7, 'assist', 22),
(597, 135, 15, 'goal', 55),
(598, 135, 5, 'assist', 55),
(599, 135, 9, 'goal', 78),
(600, 135, 3, 'assist', 78),
(601, 135, 12, 'goal', 81),

-- Game 136: (136, 8, 3, 0, 2, '2016-11-19')
(602, 136, 14, 'goal', 41),
(603, 136, 8, 'assist', 41),
(604, 136, 10, 'goal', 65),
(605, 136, 4, 'assist', 65),

-- Game 137: (137, 8, 4, 2, 0, '2017-02-11')
(606, 137, 11, 'goal', 33),
(607, 137, 6, 'assist', 33),
(608, 137, 15, 'goal', 77),
(609, 137, 4, 'assist', 77),

-- Game 138: (138, 8, 5, 1, 1, '2017-03-18')
(610, 138, 13, 'goal', 28),
(611, 138, 7, 'assist', 28),
(612, 138, 14, 'goal', 63),
(613, 138, 8, 'assist', 63),

-- Game 139: (139, 8, 6, 2, 1, '2016-10-29')
(614, 139, 10, 'goal', 12),
(615, 139, 5, 'assist', 12),
(616, 139, 9, 'goal', 51),
(617, 139, 3, 'assist', 51),
(618, 139, 15, 'goal', 78),

-- Game 140: (140, 8, 7, 0, 0, '2017-01-29')
-- No events as the game ended in a 0-0 draw.

-- Game 141: (141, 8, 9, 0, 0, '2017-02-05')
-- No events as the game ended in a 0-0 draw.

-- Game 142: (142, 8, 10, 1, 2, '2016-12-04')
(619, 142, 14, 'goal', 33),
(620, 142, 5, 'assist', 33),
(621, 142, 10, 'goal', 67),
(622, 142, 6, 'assist', 67),
(623, 142, 11, 'goal', 79),

-- Game 143: (143, 8, 11, 1, 1, '2017-01-15')
(624, 143, 13, 'goal', 21),
(625, 143, 7, 'assist', 21),
(626, 143, 15, 'goal', 78),
(627, 143, 4, 'assist', 78),

-- Game 144: (144, 8, 12, 0, 1, '2016-11-27')
(628, 144, 14, 'goal', 41),
(629, 144, 8, 'assist', 41),
(630, 145, 13, 'goal', 12),
(631, 145, 7, 'assist', 12),
(632, 145, 15, 'goal', 45),
(633, 145, 6, 'assist', 45),
(634, 145, 9, 'goal', 78),
(635, 145, 3, 'assist', 78),
(636, 145, 12, 'goal', 90),
(637, 145, 4, 'assist', 90),

-- Game 146: (146, 8, 14, 1, 0, '2016-10-16')
(638, 146, 14, 'goal', 33),
(639, 146, 6, 'assist', 33),

-- Game 147: (147, 8, 15, 2, 1, '2017-04-23')
(640, 147, 13, 'goal', 19),
(641, 147, 7, 'assist', 19),
(642, 147, 15, 'goal', 54),
(643, 147, 5, 'assist', 54),
(644, 147, 9, 'goal', 78),

-- Game 148: (148, 8, 16, 3, 2, '2016-09-18')
(645, 148, 10, 'goal', 14),
(646, 148, 8, 'assist', 14),
(647, 148, 14, 'goal', 41),
(648, 148, 6, 'assist', 41),
(649, 148, 15, 'goal', 71),
(650, 148, 5, 'assist', 71),
(651, 148, 9, 'goal', 88),
(652, 148, 3, 'assist', 88),
(653, 148, 12, 'goal', 92),

-- Game 149: (149, 8, 17, 0, 1, '2017-03-12')
(654, 149, 13, 'goal', 67),
(655, 149, 7, 'assist', 67),

-- Game 150: (150, 8, 18, 1, 1, '2016-12-18')
(656, 150, 14, 'goal', 45),
(657, 150, 6, 'assist', 45),
(658, 150, 10, 'goal', 78),
(659, 150, 5, 'assist', 78),

-- Game 151: (151, 8, 19, 0, 2, '2017-02-26')
(660, 151, 11, 'goal', 22),
(661, 151, 6, 'assist', 22),
(662, 151, 13, 'goal', 68),
(663, 151, 8, 'assist', 68),

-- Game 152: (152, 8, 20, 2, 1, '2017-03-19')
(664, 152, 15, 'goal', 19),
(665, 152, 4, 'assist', 19),
(666, 152, 10, 'goal', 66),
(667, 152, 8, 'assist', 66),
(668, 152, 12, 'goal', 77),

-- Game 153: (153, 9, 1, 1, 1, '2016-10-16')
(669, 153, 14, 'goal', 33),
(670, 153, 7, 'assist', 33),
(671, 153, 11, 'goal', 79),
(672, 153, 5, 'assist', 79),

-- Game 154: (154, 9, 2, 0, 4, '2017-03-11')
(673, 154, 13, 'goal', 19),
(674, 154, 6, 'assist', 19),
(675, 154, 15, 'goal', 45),
(676, 154, 8, 'assist', 45),
(677, 154, 10, 'goal', 67),
(678, 154, 4, 'assist', 67),
(679, 154, 11, 'goal', 90),
(680, 154, 3, 'assist', 90),

-- Game 155: (155, 9, 3, 1, 0, '2016-11-06')
(681, 155, 14, 'goal', 43),
(682, 155, 7, 'assist', 43),
(683, 156, 11, 'goal', 30),
(684, 156, 6, 'assist', 30),
(685, 156, 10, 'goal', 78),
(686, 156, 8, 'assist', 78),
(687, 156, 14, 'goal', 89),
(688, 156, 4, 'assist', 89),

-- Game 157: (157, 9, 5, 0, 1, '2017-01-22')
(689, 157, 12, 'goal', 63),
(690, 157, 9, 'assist', 63),

-- Game 158: (158, 9, 6, 1, 1, '2016-12-10')
(691, 158, 13, 'goal', 33),
(692, 158, 7, 'assist', 33),
(693, 158, 15, 'goal', 79),
(694, 158, 4, 'assist', 79),

-- Game 159: (159, 9, 7, 0, 2, '2017-01-15')
(695, 159, 14, 'goal', 41),
(696, 159, 8, 'assist', 41),
(697, 159, 11, 'goal', 67),
(698, 159, 5, 'assist', 67),

-- Game 160: (160, 9, 8, 1, 2, '2016-11-27')
(699, 160, 10, 'goal', 22),
(700, 160, 6, 'assist', 22),
(701, 160, 15, 'goal', 45),
(702, 160, 8, 'assist', 45),
(703, 160, 13, 'goal', 79),
(704, 160, 4, 'assist', 79),

-- Game 161: (161, 9, 10, 0, 0, '2017-02-18')
-- No events as the game ended in a 0-0 draw.

-- Game 162: (162, 9, 11, 2, 1, '2016-09-21')
(705, 162, 14, 'goal', 14),
(706, 162, 5, 'assist', 14),
(707, 162, 9, 'goal', 58),
(708, 162, 3, 'assist', 58),
(709, 162, 12, 'goal', 77),

-- Game 163: (163, 9, 12, 1, 0, '2017-02-05')
(710, 163, 11, 'goal', 22),
(711, 163, 6, 'assist', 22),

-- Game 164: (164, 9, 13, 1, 2, '2016-12-18')
(712, 164, 13, 'goal', 33),
(713, 164, 7, 'assist', 33),
(714, 164, 15, 'goal', 55),
(715, 164, 8, 'assist', 55),
(716, 164, 14, 'goal', 88),

-- Game 165: (165, 9, 14, 2, 3, '2017-03-19')
(717, 165, 10, 'goal', 12),
(718, 165, 4, 'assist', 12),
(719, 165, 9, 'goal', 41),
(720, 165, 6, 'assist', 41),
(721, 165, 15, 'goal', 59),
(722, 165, 8, 'assist', 59),
(723, 165, 13, 'goal', 77),
(724, 165, 5, 'assist', 77),
(725, 165, 14, 'goal', 88),

-- Game 166: (166, 9, 15, 3, 1, '2016-10-29')
(726, 166, 11, 'goal', 22),
(727, 166, 7, 'assist', 22),
(728, 166, 12, 'goal', 45),
(729, 166, 6, 'assist', 45),
(730, 166, 15, 'goal', 78),
(731, 166, 4, 'assist', 78),
(732, 166, 10, 'goal', 89),
(175, 167, 25, 'goal', 22),
(176, 167, 27, 'assist', 22),
(177, 167, 25, 'goal', 66),
(178, 167, 26, 'assist', 66),

(179, 169, 25, 'goal', 34),
(180, 169, 27, 'assist', 34),
(181, 169, 52, 'goal', 65),
(182, 169, 179, 'assist', 65),

(183, 171, 25, 'goal', 41),
(184, 171, 26, 'assist', 41),
(185, 171, 59, 'goal', 55),
(186, 171, 58, 'assist', 55),
(187, 171, 125, 'goal', 78),
(188, 171, 60, 'assist', 78),

(189, 172, 28, 'goal', 19),
(190, 172, 29, 'assist', 19),
(191, 172, 28, 'goal', 41),
(192, 172, 30, 'assist', 41),
(193, 172, 28, 'goal', 67),
(194, 172, 95, 'assist', 67),
(195, 172, 1, 'goal', 78),
(196, 172, 2, 'assist', 78),
(197, 172, 128, 'goal', 89),
(198, 172, 62, 'assist', 89),

(199, 173, 64, 'goal', 33),
(200, 173, 4, 'assist', 33),
(201, 173, 28, 'goal', 65),
(202, 173, 29, 'assist', 65),

(203, 174, 7, 'goal', 78),
(204, 174, 9, 'assist', 78),

(205, 175, 35, 'goal', 22),
(206, 175, 34, 'assist', 22),
(207, 175, 1, 'goal', 65),
(208, 175, 3, 'assist', 65),

(209, 176, 6, 'goal', 44),
(210, 176, 4, 'assist', 44),
(211, 176, 19, 'goal', 77),
(212, 176, 18, 'assist', 77),

(213, 177, 64, 'goal', 11),
(214, 177, 4, 'assist', 11),
(215, 177, 76, 'goal', 45),
(216, 177, 77, 'assist', 45),
(217, 177, 64, 'goal', 82),
(218, 177, 130, 'assist', 82),

(219, 178, 75, 'goal', 22),
(220, 178, 74, 'assist', 22),
(221, 178, 8, 'goal', 65),
(222, 178, 9, 'assist', 65),

(223, 179, 64, 'goal', 33),
(224, 179, 4, 'assist', 33),
(225, 179, 28, 'goal', 78),
(226, 179, 29, 'assist', 78),

(227, 180, 35, 'goal', 22),
(228, 180, 34, 'assist', 22),
(229, 180, 25, 'goal', 65),
(230, 180, 27, 'assist', 65),
(231, 180, 59, 'goal', 88),
(232, 180, 58, 'assist', 88),
(233, 180, 125, 'goal', 90),
(234, 180, 60, 'assist', 90),
(235, 181, 33, 'goal', 34),
(236, 181, 32, 'assist', 34),
(237, 181, 4, 'goal', 59),
(238, 181, 65, 'assist', 59),

(239, 182, 63, 'goal', 45),
(240, 182, 2, 'assist', 45),

(241, 183, 4, 'goal', 33),
(242, 183, 65, 'assist', 33),
(243, 183, 10, 'goal', 77),
(244, 183, 6, 'assist', 77),

(245, 184, 130, 'goal', 41),
(246, 184, 64, 'assist', 41),
(247, 184, 58, 'goal', 66),
(248, 184, 59, 'assist', 66),

(249, 185, 64, 'goal', 22),
(250, 185, 4, 'assist', 22),
(251, 185, 10, 'goal', 55),
(252, 185, 65, 'assist', 55),
(253, 185, 130, 'goal', 78),
(254, 185, 64, 'assist', 78),

(255, 186, 25, 'goal', 11),
(256, 186, 27, 'assist', 11),

(257, 187, 15, 'goal', 33),
(258, 187, 14, 'assist', 33),
(259, 187, 7, 'goal', 66),
(260, 187, 6, 'assist', 66),

(261, 188, 64, 'goal', 29),
(262, 188, 4, 'assist', 29),
(263, 188, 10, 'goal', 55),
(264, 188, 6, 'assist', 55),

(265, 189, 64, 'goal', 33),
(266, 189, 4, 'assist', 33),
(267, 189, 10, 'goal', 67),
(268, 189, 65, 'assist', 67),

(269, 190, 6, 'goal', 22),
(270, 190, 4, 'assist', 22),
(271, 190, 64, 'goal', 78),
(272, 190, 2, 'assist', 78),
(273, 190, 10, 'goal', 89),
(274, 190, 6, 'assist', 89),
(275, 191, 64, 'goal', 22),
(276, 191, 4, 'assist', 22),
(277, 191, 10, 'goal', 65),
(278, 191, 65, 'assist', 65),
(279, 191, 128, 'goal', 77),
(280, 191, 62, 'assist', 77),

(281, 192, 35, 'goal', 33),
(282, 192, 34, 'assist', 33),
(283, 192, 6, 'goal', 67),
(284, 192, 4, 'assist', 67),

(285, 193, 25, 'goal', 45),
(286, 193, 27, 'assist', 45),
(287, 193, 25, 'goal', 88),
(288, 193, 26, 'assist', 88),

(289, 194, 7, 'goal', 33),
(290, 194, 6, 'assist', 33),

(291, 195, 64, 'goal', 29),
(292, 195, 4, 'assist', 29),
(293, 195, 128, 'goal', 65),
(294, 195, 62, 'assist', 65),

(295, 196, 35, 'goal', 11),
(296, 196, 34, 'assist', 11),
(297, 196, 10, 'goal', 45),
(298, 196, 6, 'assist', 45),

(299, 197, 64, 'goal', 22),
(300, 197, 4, 'assist', 22),
(301, 197, 10, 'goal', 66),
(302, 197, 65, 'assist', 66),

(303, 198, 25, 'goal', 33),
(304, 198, 27, 'assist', 33),
(305, 198, 25, 'goal', 55),
(306, 198, 26, 'assist', 55),

(307, 199, 7, 'goal', 22),
(308, 199, 6, 'assist', 22),
(309, 199, 10, 'goal', 89),
(310, 199, 65, 'assist', 89),

(311, 200, 64, 'goal', 11),
(312, 200, 4, 'assist', 11),
(313, 200, 10, 'goal', 45),
(314, 200, 65, 'assist', 45),
(315, 200, 128, 'goal', 77),
(316, 200, 62, 'assist', 77),
(317, 201, 4, 'goal', 28),
(318, 201, 6, 'assist', 28),
(319, 201, 64, 'goal', 59),
(320, 201, 65, 'assist', 59),

(321, 202, 35, 'goal', 45),
(322, 202, 34, 'assist', 45),

(323, 203, 6, 'goal', 33),
(324, 203, 4, 'assist', 33),
(325, 203, 10, 'goal', 78),
(326, 203, 65, 'assist', 78),

(327, 204, 25, 'goal', 22),
(328, 204, 27, 'assist', 22),
(329, 204, 25, 'goal', 88),
(330, 204, 26, 'assist', 88),

(331, 205, 64, 'goal', 33),
(332, 205, 4, 'assist', 33),
(333, 205, 10, 'goal', 55),
(334, 205, 6, 'assist', 55),

(335, 206, 35, 'goal', 45),
(336, 206, 34, 'assist', 45),

(337, 207, 25, 'goal', 11),
(338, 207, 27, 'assist', 11),
(339, 207, 25, 'goal', 66),
(340, 207, 26, 'assist', 66),

(341, 208, 64, 'goal', 22),
(342, 208, 4, 'assist', 22),
(343, 208, 10, 'goal', 66),
(344, 208, 65, 'assist', 66),

(345, 209, 15, 'goal', 33),
(346, 209, 14, 'assist', 33),
(347, 209, 7, 'goal', 66),
(348, 209, 6, 'assist', 66),

(349, 210, 64, 'goal', 29),
(350, 210, 4, 'assist', 29),
(351, 210, 10, 'goal', 55),
(352, 210, 6, 'assist', 55),

(353, 211, 64, 'goal', 22),
(354, 211, 4, 'assist', 22),
(355, 211, 10, 'goal', 66),
(356, 211, 65, 'assist', 66),

(357, 212, 25, 'goal', 33),
(358, 212, 27, 'assist', 33),
(359, 212, 25, 'goal', 55),
(360, 212, 26, 'assist', 55),

(361, 213, 7, 'goal', 22),
(362, 213, 6, 'assist', 22),
(363, 213, 10, 'goal', 89),
(364, 213, 65, 'assist', 89),

(365, 214, 64, 'goal', 11),
(366, 214, 4, 'assist', 11),
(367, 214, 10, 'goal', 45),
(368, 214, 65, 'assist', 45),

(369, 215, 128, 'goal', 33),
(370, 215, 62, 'assist', 33),
(371, 215, 1, 'goal', 66),
(372, 215, 2, 'assist', 66),

(373, 216, 64, 'goal', 22),
(374, 216, 4, 'assist', 22),
(375, 216, 10, 'goal', 66),
(376, 216, 65, 'assist', 66),

(377, 217, 25, 'goal', 33),
(378, 217, 27, 'assist', 33),
(379, 217, 25, 'goal', 55),
(380, 217, 26, 'assist', 55),

(381, 218, 7, 'goal', 22),
(382, 218, 6, 'assist', 22),
(383, 218, 10, 'goal', 89),
(384, 218, 65, 'assist', 89),
(385, 221, 64, 'goal', 29),
(386, 221, 4, 'assist', 29),
(387, 221, 128, 'goal', 66),
(388, 221, 62, 'assist', 66),
(389, 221, 1, 'yellow_card', 45), 
(390, 221, 3, 'red_card', 78),

(391, 222, 35, 'goal', 11),
(392, 222, 34, 'assist', 11),
(393, 222, 64, 'goal', 59), -- Solo effort, no assist
(394, 222, 10, 'yellow_card', 61),

(395, 223, 6, 'goal', 33),
(396, 223, 4, 'assist', 33),
(397, 223, 25, 'goal', 78),
(398, 223, 27, 'assist', 78),
(399, 223, 7, 'yellow_card', 54),

(400, 224, 25, 'goal', 22),
(401, 224, 26, 'assist', 22),
(402, 224, 64, 'goal', 85),
(403, 224, 4, 'assist', 85),
(404, 224, 14, 'red_card', 90),

(405, 225, 64, 'goal', 29),
(406, 225, 4, 'assist', 29),
(407, 225, 10, 'goal', 45), -- Solo effort
(408, 225, 65, 'yellow_card', 88),

(409, 226, 25, 'goal', 33),
(410, 226, 27, 'assist', 33),
(411, 226, 25, 'goal', 66),
(412, 226, 26, 'assist', 66),
(413, 226, 6, 'yellow_card', 53),

(414, 227, 10, 'goal', 29),
(415, 227, 130, 'assist', 29),
(416, 227, 64, 'goal', 55), -- Solo effort
(417, 227, 4, 'yellow_card', 72),

(418, 228, 64, 'goal', 22),
(419, 228, 4, 'assist', 22),
(420, 228, 10, 'goal', 66),
(421, 228, 65, 'assist', 66),
(422, 228, 7, 'red_card', 80),

(423, 229, 15, 'goal', 33),
(424, 229, 14, 'assist', 33),
(425, 229, 7, 'goal', 66),
(426, 229, 6, 'assist', 66),
(427, 229, 12, 'yellow_card', 45),

(428, 230, 64, 'goal', 29),
(429, 230, 4, 'assist', 29),
(430, 230, 10, 'goal', 55), -- Solo effort
(431, 230, 65, 'red_card', 67),
(483, 231, 19, 'goal', 23),
(484, 231, 18, 'assist', 23),
(485, 231, 9, 'goal', 57),
(486, 231, 11, 'assist', 57),
(487, 231, 22, 'yellow_card', 65),

(488, 232, 7, 'goal', 33),
(489, 232, 10, 'assist', 33),
(490, 232, 8, 'goal', 55),
(491, 232, 11, 'assist', 55),
(492, 232, 12, 'yellow_card', 72),

(493, 233, 14, 'goal', 29),
(494, 233, 24, 'assist', 29),
(495, 233, 20, 'goal', 66),
(496, 233, 10, 'assist', 66),
(497, 233, 15, 'red_card', 80),

(498, 234, 21, 'goal', 22),
(499, 234, 14, 'assist', 22),
(500, 234, 12, 'goal', 66),
(501, 234, 9, 'assist', 66),
(502, 234, 17, 'yellow_card', 85),

(503, 235, 11, 'goal', 44),
(504, 235, 10, 'assist', 44),
(505, 235, 7, 'goal', 69),
(506, 235, 4, 'assist', 69),
(507, 235, 5, 'red_card', 88),

(508, 236, 8, 'goal', 19),
(509, 236, 9, 'assist', 19),
(510, 236, 6, 'goal', 33),
(511, 236, 7, 'assist', 33),
(512, 236, 12, 'yellow_card', 55),

(513, 237, 14, 'goal', 29),
(514, 237, 8, 'assist', 29),
(515, 237, 20, 'goal', 72),
(516, 237, 11, 'assist', 72),
(517, 237, 10, 'yellow_card', 88),

(518, 238, 19, 'goal', 18),
(519, 238, 14, 'assist', 18),
(520, 238, 9, 'goal', 67),
(521, 238, 10, 'assist', 67),
(522, 238, 13, 'red_card', 72),

(523, 239, 14, 'goal', 25),
(524, 239, 8, 'assist', 25),
(525, 239, 10, 'goal', 45),
(526, 239, 9, 'assist', 45),
(527, 239, 4, 'yellow_card', 78),

(528, 240, 8, 'goal', 11),
(529, 240, 10, 'assist', 11),
(530, 240, 14, 'goal', 56),
(531, 240, 11, 'assist', 56),
(532, 240, 3, 'yellow_card', 89),

(436, 241, 35, 'goal', 22),
(437, 241, 34, 'assist', 22),
(438, 241, 128, 'goal', 61),
(439, 241, 62, 'assist', 61),
(440, 241, 1, 'yellow_card', 45),

(441, 242, 6, 'goal', 33),
(442, 242, 4, 'assist', 33),
(443, 242, 10, 'goal', 78),
(444, 242, 65, 'assist', 78),
(445, 242, 7, 'yellow_card', 54),

(446, 243, 25, 'goal', 22),
(447, 243, 27, 'assist', 22),
(448, 243, 64, 'goal', 85),
(449, 243, 4, 'assist', 85),
(450, 243, 14, 'red_card', 90),

(451, 244, 64, 'goal', 29),
(452, 244, 4, 'assist', 29),
(453, 244, 10, 'goal', 45),
(454, 244, 65, 'yellow_card', 88),

(455, 245, 25, 'goal', 33),
(456, 245, 27, 'assist', 33),
(457, 245, 25, 'goal', 66),
(458, 245, 26, 'assist', 66),
(459, 245, 6, 'yellow_card', 53),

(460, 246, 10, 'goal', 29),
(461, 246, 130, 'assist', 29),
(462, 246, 64, 'goal', 55),
(463, 246, 4, 'yellow_card', 72),

(464, 247, 64, 'goal', 22),
(465, 247, 4, 'assist', 22),
(466, 247, 10, 'goal', 66),
(467, 247, 65, 'assist', 66),
(468, 247, 7, 'red_card', 80),

(469, 248, 15, 'goal', 33),
(470, 248, 14, 'assist', 33),
(471, 248, 7, 'goal', 66),
(472, 248, 6, 'assist', 66),
(473, 248, 12, 'yellow_card', 45),

(474, 249, 64, 'goal', 29),
(475, 249, 4, 'assist', 29),
(476, 249, 10, 'goal', 55),
(477, 249, 65, 'red_card', 67),

(478, 250, 35, 'goal', 11),
(479, 250, 34, 'assist', 11),
(480, 250, 64, 'goal', 59),
(481, 250, 65, 'assist', 59),
(482, 250, 10, 'yellow_card', 61),
(533, 251, 14, 'goal', 25),
(534, 251, 6, 'assist', 25),
(535, 251, 4, 'goal', 45),
(536, 251, 8, 'assist', 45),
(537, 251, 10, 'yellow_card', 62),

(538, 252, 7, 'goal', 33),
(539, 252, 10, 'assist', 33),
(540, 252, 9, 'goal', 55),
(541, 252, 6, 'assist', 55),
(542, 252, 12, 'yellow_card', 66),

(543, 253, 8, 'goal', 14),
(544, 253, 7, 'assist', 14),
(545, 253, 11, 'goal', 60),
(546, 253, 9, 'assist', 60),
(547, 253, 15, 'red_card', 75),

(548, 254, 9, 'goal', 19),
(549, 254, 11, 'assist', 19),
(550, 254, 7, 'goal', 62),
(551, 254, 6, 'assist', 62),
(552, 254, 14, 'yellow_card', 80),

(553, 255, 10, 'goal', 27),
(554, 255, 8, 'assist', 27),
(555, 255, 11, 'goal', 52),
(556, 255, 9, 'assist', 52),
(557, 255, 12, 'red_card', 69),

(558, 256, 14, 'goal', 32),
(559, 256, 6, 'assist', 32),
(560, 256, 4, 'goal', 58),
(561, 256, 7, 'assist', 58),
(562, 256, 10, 'yellow_card', 71),

(563, 257, 7, 'goal', 22),
(564, 257, 8, 'assist', 22),
(565, 257, 11, 'goal', 68),
(566, 257, 9, 'assist', 68),
(567, 257, 6, 'yellow_card', 76),

(568, 258, 9, 'goal', 29),
(569, 258, 10, 'assist', 29),
(570, 258, 14, 'goal', 45),
(571, 258, 8, 'assist', 45),
(572, 258, 13, 'red_card', 89),

(573, 259, 8, 'goal', 18),
(574, 259, 7, 'assist', 18),
(575, 259, 11, 'goal', 67),
(576, 259, 10, 'assist', 67),
(577, 259, 12, 'yellow_card', 78),

(578, 260, 10, 'goal', 14),
(579, 260, 9, 'assist', 14),
(580, 260, 8, 'goal', 55),
(581, 260, 6, 'assist', 55),
(582, 260, 7, 'yellow_card', 80),
(583, 261, 14, 'goal', 27),
(584, 261, 6, 'assist', 27),
(585, 261, 7, 'goal', 49),
(586, 261, 8, 'assist', 49),
(587, 261, 12, 'yellow_card', 65),

(588, 262, 9, 'goal', 22),
(589, 262, 10, 'assist', 22),
(590, 262, 14, 'goal', 54),
(591, 262, 8, 'assist', 54),
(592, 262, 7, 'red_card', 72),

(593, 263, 11, 'goal', 36),
(594, 263, 9, 'assist', 36),
(595, 263, 13, 'goal', 51),
(596, 263, 14, 'assist', 51),
(597, 263, 6, 'yellow_card', 79),

(598, 264, 9, 'goal', 18),
(599, 264, 10, 'assist', 18),
(600, 264, 11, 'goal', 68),
(601, 264, 7, 'assist', 68),
(602, 264, 8, 'yellow_card', 83),

(603, 265, 14, 'goal', 26),
(604, 265, 8, 'assist', 26),
(605, 265, 10, 'goal', 62),
(606, 265, 13, 'assist', 62),
(607, 265, 11, 'red_card', 75),

(608, 266, 7, 'goal', 29),
(609, 266, 6, 'assist', 29),
(610, 266, 8, 'goal', 53),
(611, 266, 9, 'assist', 53),
(612, 266, 12, 'yellow_card', 70),

(613, 267, 10, 'goal', 15),
(614, 267, 11, 'assist', 15),
(615, 267, 9, 'goal', 58),
(616, 267, 13, 'assist', 58),
(617, 267, 7, 'red_card', 73),

(618, 268, 14, 'goal', 22),
(619, 268, 6, 'assist', 22),
(620, 268, 7, 'goal', 67),
(621, 268, 8, 'assist', 67),
(622, 268, 11, 'yellow_card', 85),

(623, 269, 8, 'goal', 33),
(624, 269, 9, 'assist', 33),
(625, 269, 10, 'goal', 55),
(626, 269, 6, 'assist', 55),
(627, 269, 12, 'red_card', 78),

(628, 270, 7, 'goal', 19),
(629, 270, 8, 'assist', 19),
(630, 270, 11, 'goal', 62),
(631, 270, 10, 'assist', 62),
(632, 270, 13, 'yellow_card', 85),
(633, 271, 14, 'goal', 24),
(634, 271, 6, 'assist', 24),
(635, 271, 7, 'goal', 48),
(636, 271, 8, 'assist', 48),
(637, 271, 9, 'yellow_card', 72),

(638, 272, 10, 'goal', 33),
(639, 272, 11, 'assist', 33),
(640, 272, 14, 'goal', 66),
(641, 272, 6, 'assist', 66),
(642, 272, 12, 'yellow_card', 78),

(643, 273, 8, 'goal', 14),
(644, 273, 7, 'assist', 14),
(645, 273, 9, 'goal', 54),
(646, 273, 10, 'assist', 54),
(647, 273, 13, 'red_card', 82),

(648, 274, 11, 'goal', 21),
(649, 274, 6, 'assist', 21),
(650, 274, 10, 'goal', 45),
(651, 274, 9, 'assist', 45),
(652, 274, 8, 'yellow_card', 63),

(653, 275, 14, 'goal', 31),
(654, 275, 8, 'assist', 31),
(655, 275, 7, 'goal', 62),
(656, 275, 11, 'assist', 62),
(657, 275, 10, 'yellow_card', 80),

(658, 276, 9, 'goal', 27),
(659, 276, 10, 'assist', 27),
(660, 276, 6, 'goal', 58),
(661, 276, 7, 'assist', 58),
(662, 276, 12, 'yellow_card', 76),

(663, 277, 14, 'goal', 18),
(664, 277, 8, 'assist', 18),
(665, 277, 7, 'goal', 60),
(666, 277, 9, 'assist', 60),
(667, 277, 13, 'red_card', 83),

(668, 278, 10, 'goal', 19),
(669, 278, 11, 'assist', 19),
(670, 278, 8, 'goal', 42),
(671, 278, 6, 'assist', 42),
(672, 278, 7, 'yellow_card', 70),

(673, 279, 14, 'goal', 29),
(674, 279, 9, 'assist', 29),
(675, 279, 10, 'goal', 67),
(676, 279, 8, 'assist', 67),
(677, 279, 11, 'yellow_card', 85),

(678, 280, 7, 'goal', 24),
(679, 280, 6, 'assist', 24),
(680, 280, 8, 'goal', 61),
(681, 280, 9, 'assist', 61),
(682, 280, 12, 'yellow_card', 78),
(683, 281, 8, 'goal', 33),
(684, 281, 6, 'assist', 33),
(685, 281, 7, 'goal', 57),
(686, 281, 9, 'assist', 57),
(687, 281, 12, 'yellow_card', 78),

(688, 282, 10, 'goal', 21),
(689, 282, 11, 'assist', 21),
(690, 282, 14, 'goal', 64),
(691, 282, 8, 'assist', 64),
(692, 282, 13, 'red_card', 77),

(693, 283, 9, 'goal', 12),
(694, 283, 10, 'assist', 12),
(695, 283, 11, 'goal', 55),
(696, 283, 7, 'assist', 55),
(697, 283, 6, 'yellow_card', 88),

(698, 284, 14, 'goal', 30),
(699, 284, 8, 'assist', 30),
(700, 284, 9, 'goal', 68),
(701, 284, 11, 'assist', 68),
(702, 284, 12, 'yellow_card', 85),

(703, 285, 7, 'goal', 25),
(704, 285, 6, 'assist', 25),
(705, 285, 8, 'goal', 50),
(706, 285, 9, 'assist', 50),
(707, 285, 10, 'yellow_card', 70),

(708, 286, 10, 'goal', 28),
(709, 286, 11, 'assist', 28),
(710, 286, 8, 'goal', 62),
(711, 286, 14, 'assist', 62),
(712, 286, 13, 'red_card', 75),

(713, 287, 14, 'goal', 18),
(714, 287, 7, 'assist', 18),
(715, 287, 9, 'goal', 48),
(716, 287, 10, 'assist', 48),
(717, 287, 6, 'yellow_card', 88),

(718, 288, 8, 'goal', 23),
(719, 288, 9, 'assist', 23),
(720, 288, 10, 'goal', 45),
(721, 288, 14, 'assist', 45),
(722, 288, 12, 'yellow_card', 72),

(723, 289, 7, 'goal', 12),
(724, 289, 8, 'assist', 12),
(725, 289, 11, 'goal', 57),
(726, 289, 9, 'assist', 57),
(727, 289, 13, 'red_card', 83),

(728, 290, 14, 'goal', 36),
(729, 290, 6, 'assist', 36),
(730, 290, 10, 'goal', 61),
(731, 290, 8, 'assist', 61),
(732, 290, 7, 'yellow_card', 78),
(733, 291, 7, 'goal', 22),
(734, 291, 6, 'assist', 22),
(735, 291, 8, 'goal', 49),
(736, 291, 9, 'assist', 49),
(737, 291, 12, 'yellow_card', 75),

(738, 292, 14, 'goal', 34),
(739, 292, 10, 'assist', 34),
(740, 292, 11, 'goal', 62),
(741, 292, 8, 'assist', 62),
(742, 292, 13, 'red_card', 79),

(743, 293, 9, 'goal', 18),
(744, 293, 10, 'assist', 18),
(745, 293, 7, 'goal', 55),
(746, 293, 8, 'assist', 55),
(747, 293, 6, 'yellow_card', 83),

(748, 294, 14, 'goal', 27),
(749, 294, 8, 'assist', 27),
(750, 294, 10, 'goal', 65),
(751, 294, 9, 'assist', 65),
(752, 294, 12, 'yellow_card', 85),

(753, 295, 7, 'goal', 19),
(754, 295, 6, 'assist', 19),
(755, 295, 8, 'goal', 58),
(756, 295, 9, 'assist', 58),
(757, 295, 13, 'red_card', 74),

(758, 296, 10, 'goal', 23),
(759, 296, 11, 'assist', 23),
(760, 296, 14, 'goal', 53),
(761, 296, 8, 'assist', 53),
(762, 296, 7, 'yellow_card', 68),

(763, 297, 9, 'goal', 12),
(764, 297, 10, 'assist', 12),
(765, 297, 11, 'goal', 57),
(766, 297, 7, 'assist', 57),
(767, 297, 6, 'yellow_card', 88),

(768, 298, 14, 'goal', 15),
(769, 298, 8, 'assist', 15),
(770, 298, 10, 'goal', 61),
(771, 298, 9, 'assist', 61),
(772, 298, 12, 'yellow_card', 80),

(773, 299, 7, 'goal', 33),
(774, 299, 6, 'assist', 33),
(775, 299, 8, 'goal', 54),
(776, 299, 9, 'assist', 54),
(777, 299, 13, 'red_card', 78),

(778, 300, 10, 'goal', 20),
(779, 300, 11, 'assist', 20),
(780, 300, 14, 'goal', 67),
(781, 300, 8, 'assist', 67),
(782, 300, 7, 'yellow_card', 85),
(783, 301, 8, 'goal', 25),
(784, 301, 6, 'assist', 25),
(785, 301, 7, 'goal', 52),
(786, 301, 9, 'assist', 52),
(787, 301, 12, 'yellow_card', 71),

(788, 302, 14, 'goal', 33),
(789, 302, 10, 'assist', 33),
(790, 302, 11, 'goal', 68),
(791, 302, 8, 'assist', 68),
(792, 302, 13, 'red_card', 80),

(793, 303, 9, 'goal', 17),
(794, 303, 10, 'assist', 17),
(795, 303, 11, 'goal', 59),
(796, 303, 7, 'assist', 59),
(797, 303, 6, 'yellow_card', 85),

(798, 304, 14, 'goal', 26),
(799, 304, 8, 'assist', 26),
(800, 304, 10, 'goal', 65),
(801, 304, 9, 'assist', 65),
(802, 304, 12, 'yellow_card', 77),

(803, 305, 7, 'goal', 12),
(804, 305, 6, 'assist', 12),
(805, 305, 8, 'goal', 50),
(806, 305, 9, 'assist', 50),
(807, 305, 13, 'red_card', 72),

(808, 306, 10, 'goal', 29),
(809, 306, 11, 'assist', 29),
(810, 306, 14, 'goal', 61),
(811, 306, 8, 'assist', 61),
(812, 306, 7, 'yellow_card', 73),

(813, 307, 9, 'goal', 15),
(814, 307, 10, 'assist', 15),
(815, 307, 11, 'goal', 57),
(816, 307, 7, 'assist', 57),
(817, 307, 6, 'yellow_card', 88),

(818, 308, 14, 'goal', 18),
(819, 308, 8, 'assist', 18),
(820, 308, 10, 'goal', 60),
(821, 308, 9, 'assist', 60),
(822, 308, 12, 'yellow_card', 80),

(823, 309, 7, 'goal', 22),
(824, 309, 6, 'assist', 22),
(825, 309, 8, 'goal', 59),
(826, 309, 9, 'assist', 59),
(827, 309, 13, 'red_card', 88),

(828, 310, 10, 'goal', 20),
(829, 310, 11, 'assist', 20),
(830, 310, 14, 'goal', 67),
(831, 310, 8, 'assist', 67),
(832, 310, 7, 'yellow_card', 85),

(833, 311, 14, 'goal', 30),
(834, 311, 6, 'assist', 30),
(835, 311, 9, 'goal', 55),
(836, 311, 8, 'assist', 55),
(837, 311, 12, 'yellow_card', 73),

(838, 312, 7, 'goal', 16),
(839, 312, 10, 'assist', 16),
(840, 312, 11, 'goal', 62),
(841, 312, 9, 'assist', 62),
(842, 312, 13, 'red_card', 78),

(843, 313, 9, 'goal', 24),
(844, 313, 6, 'assist', 24),
(845, 313, 8, 'goal', 61),
(846, 313, 7, 'assist', 61),
(847, 313, 10, 'yellow_card', 85),

(848, 314, 14, 'goal', 27),
(849, 314, 8, 'assist', 27),
(850, 314, 10, 'goal', 53),
(851, 314, 11, 'assist', 53),
(852, 314, 6, 'yellow_card', 76),

(853, 315, 7, 'goal', 19),
(854, 315, 9, 'assist', 19),
(855, 315, 8, 'goal', 48),
(856, 315, 10, 'assist', 48),
(857, 315, 12, 'yellow_card', 88),

(858, 316, 9, 'goal', 31),
(859, 316, 10, 'assist', 31),
(860, 316, 11, 'goal', 64),
(861, 316, 7, 'assist', 64),
(862, 316, 13, 'red_card', 83),

(863, 317, 14, 'goal', 22),
(864, 317, 8, 'assist', 22),
(865, 317, 7, 'goal', 50),
(866, 317, 6, 'assist', 50),
(867, 317, 12, 'yellow_card', 77),

(868, 318, 10, 'goal', 18),
(869, 318, 11, 'assist', 18),
(870, 318, 14, 'goal', 66),
(871, 318, 8, 'assist', 66),
(872, 318, 7, 'yellow_card', 85),

(873, 319, 7, 'goal', 14),
(874, 319, 6, 'assist', 14),
(875, 319, 8, 'goal', 54),
(876, 319, 9, 'assist', 54),
(877, 319, 12, 'yellow_card', 80),

(878, 320, 10, 'goal', 26),
(879, 320, 11, 'assist', 26),
(880, 320, 14, 'goal', 61),
(881, 320, 8, 'assist', 61),
(882, 320, 13, 'red_card', 88),
(883, 321, 8, 'goal', 30),
(884, 321, 6, 'assist', 30),
(885, 321, 7, 'goal', 56),
(886, 321, 9, 'assist', 56),
(887, 321, 12, 'yellow_card', 70),

(888, 322, 14, 'goal', 33),
(889, 322, 10, 'assist', 33),
(890, 322, 11, 'goal', 67),
(891, 322, 8, 'assist', 67),
(892, 322, 13, 'red_card', 82),

(893, 323, 9, 'goal', 21),
(894, 323, 10, 'assist', 21),
(895, 323, 7, 'goal', 59),
(896, 323, 8, 'assist', 59),
(897, 323, 6, 'yellow_card', 85),

(898, 324, 14, 'goal', 25),
(899, 324, 8, 'assist', 25),
(900, 324, 10, 'goal', 63),
(901, 324, 9, 'assist', 63),
(902, 324, 12, 'yellow_card', 77),

(903, 325, 7, 'goal', 15),
(904, 325, 6, 'assist', 15),
(905, 325, 8, 'goal', 50),
(906, 325, 9, 'assist', 50),
(907, 325, 13, 'red_card', 68),

(908, 326, 10, 'goal', 28),
(909, 326, 11, 'assist', 28),
(910, 326, 14, 'goal', 66),
(911, 326, 8, 'assist', 66),
(912, 326, 7, 'yellow_card', 75),

(913, 327, 9, 'goal', 12),
(914, 327, 10, 'assist', 12),
(915, 327, 11, 'goal', 56),
(916, 327, 7, 'assist', 56),
(917, 327, 6, 'yellow_card', 88),

(918, 328, 14, 'goal', 18),
(919, 328, 8, 'assist', 18),
(920, 328, 10, 'goal', 61),
(921, 328, 9, 'assist', 61),
(922, 328, 12, 'yellow_card', 73),

(923, 329, 7, 'goal', 22),
(924, 329, 6, 'assist', 22),
(925, 329, 8, 'goal', 59),
(926, 329, 9, 'assist', 59),
(927, 329, 13, 'red_card', 85),

(928, 330, 10, 'goal', 20),
(929, 330, 11, 'assist', 20),
(930, 330, 14, 'goal', 65),
(931, 330, 8, 'assist', 65),
(932, 330, 7, 'yellow_card', 80),

(933, 331, 8, 'goal', 15),
(934, 331, 6, 'assist', 15),
(935, 331, 7, 'goal', 50),
(936, 331, 9, 'assist', 50),
(937, 331, 12, 'yellow_card', 70),

(938, 332, 14, 'goal', 33),
(939, 332, 10, 'assist', 33),
(940, 332, 11, 'goal', 62),
(941, 332, 8, 'assist', 62),
(942, 332, 13, 'red_card', 77),

(943, 333, 9, 'goal', 18),
(944, 333, 10, 'assist', 18),
(945, 333, 7, 'goal', 59),
(946, 333, 8, 'assist', 59),
(947, 333, 6, 'yellow_card', 83),

(948, 334, 14, 'goal', 22),
(949, 334, 8, 'assist', 22),
(950, 334, 10, 'goal', 66),
(951, 334, 9, 'assist', 66),
(952, 334, 12, 'yellow_card', 80),

(953, 335, 7, 'goal', 14),
(954, 335, 6, 'assist', 14),
(955, 335, 8, 'goal', 54),
(956, 335, 9, 'assist', 54),
(957, 335, 13, 'red_card', 85),

(958, 336, 10, 'goal', 15),
(959, 336, 11, 'assist', 15),
(960, 336, 14, 'goal', 60),
(961, 336, 8, 'assist', 60),
(962, 336, 7, 'yellow_card', 78),

(963, 337, 8, 'goal', 29),
(964, 337, 6, 'assist', 29),
(965, 337, 7, 'goal', 55),
(966, 337, 9, 'assist', 55),
(967, 337, 12, 'yellow_card', 73),

(968, 338, 14, 'goal', 18),
(969, 338, 8, 'assist', 18),
(970, 338, 10, 'goal', 60),
(971, 338, 9, 'assist', 60),
(972, 338, 13, 'red_card', 80),

(973, 339, 7, 'goal', 24),
(974, 339, 6, 'assist', 24),
(975, 339, 8, 'goal', 62),
(976, 339, 9, 'assist', 62),
(977, 339, 12, 'yellow_card', 88),

(978, 340, 10, 'goal', 30),
(979, 340, 11, 'assist', 30),
(980, 340, 14, 'goal', 68),
(981, 340, 8, 'assist', 68),
(982, 340, 7, 'yellow_card', 85),
(983, 341, 8, 'goal', 29),
(984, 341, 6, 'assist', 29),
(985, 341, 7, 'goal', 58),
(986, 341, 9, 'assist', 58),
(987, 341, 12, 'yellow_card', 73),

(988, 342, 14, 'goal', 24),
(989, 342, 10, 'assist', 24),
(990, 342, 11, 'goal', 63),
(991, 342, 8, 'assist', 63),
(992, 342, 13, 'red_card', 85),

(993, 343, 9, 'goal', 19),
(994, 343, 10, 'assist', 19),
(995, 343, 7, 'goal', 55),
(996, 343, 8, 'assist', 55),
(997, 343, 6, 'yellow_card', 78),

(998, 344, 14, 'goal', 30),
(999, 344, 8, 'assist', 30),
(1000, 344, 10, 'goal', 66),
(1001, 344, 9, 'assist', 66),
(1002, 344, 12, 'yellow_card', 83),

(1003, 345, 7, 'goal', 17),
(1004, 345, 6, 'assist', 17),
(1005, 345, 8, 'goal', 54),
(1006, 345, 9, 'assist', 54),
(1007, 345, 13, 'red_card', 85),

(1008, 346, 10, 'goal', 29),
(1009, 346, 11, 'assist', 29),
(1010, 346, 14, 'goal', 59),
(1011, 346, 8, 'assist', 59),
(1012, 346, 7, 'yellow_card', 73),

(1013, 347, 9, 'goal', 15),
(1014, 347, 10, 'assist', 15),
(1015, 347, 11, 'goal', 61),
(1016, 347, 7, 'assist', 61),
(1017, 347, 6, 'yellow_card', 88),

(1018, 348, 14, 'goal', 26),
(1019, 348, 8, 'assist', 26),
(1020, 348, 10, 'goal', 68),
(1021, 348, 9, 'assist', 68),
(1022, 348, 12, 'yellow_card', 80),

(1023, 349, 7, 'goal', 22),
(1024, 349, 6, 'assist', 22),
(1025, 349, 8, 'goal', 64),
(1026, 349, 9, 'assist', 64),
(1027, 349, 13, 'red_card', 85),

(1028, 350, 10, 'goal', 18),
(1029, 350, 11, 'assist', 18),
(1030, 350, 14, 'goal', 62),
(1031, 350, 8, 'assist', 62),
(1032, 350, 7, 'yellow_card', 88),

(1033, 351, 8, 'goal', 30),
(1034, 351, 6, 'assist', 30),
(1035, 351, 7, 'goal', 56),
(1036, 351, 9, 'assist', 56),
(1037, 351, 12, 'yellow_card', 72),

(1038, 352, 14, 'goal', 19),
(1039, 352, 10, 'assist', 19),
(1040, 352, 11, 'goal', 58),
(1041, 352, 8, 'assist', 58),
(1042, 352, 13, 'red_card', 80),

(1043, 353, 9, 'goal', 24),
(1044, 353, 10, 'assist', 24),
(1045, 353, 7, 'goal', 63),
(1046, 353, 8, 'assist', 63),
(1047, 353, 6, 'yellow_card', 78),

(1048, 354, 14, 'goal', 27),
(1049, 354, 8, 'assist', 27),
(1050, 354, 10, 'goal', 61),
(1051, 354, 9, 'assist', 61),
(1052, 354, 12, 'yellow_card', 85),

(1053, 355, 7, 'goal', 25),
(1054, 355, 6, 'assist', 25),
(1055, 355, 8, 'goal', 59),
(1056, 355, 9, 'assist', 59),
(1057, 355, 13, 'red_card', 88),

(1058, 356, 10, 'goal', 15),
(1059, 356, 11, 'assist', 15),
(1060, 356, 14, 'goal', 67),
(1061, 356, 8, 'assist', 67),
(1062, 356, 7, 'yellow_card', 85),

(1063, 357, 8, 'goal', 26),
(1064, 357, 6, 'assist', 26),
(1065, 357, 7, 'goal', 53),
(1066, 357, 9, 'assist', 53),
(1067, 357, 12, 'yellow_card', 73),

(1068, 358, 14, 'goal', 21),
(1069, 358, 8, 'assist', 21),
(1070, 358, 10, 'goal', 68),
(1071, 358, 9, 'assist', 68),
(1072, 358, 13, 'red_card', 80),

(1073, 359, 7, 'goal', 29),
(1074, 359, 6, 'assist', 29),
(1075, 359, 8, 'goal', 61),
(1076, 359, 9, 'assist', 61),
(1077, 359, 12, 'yellow_card', 88),

(1078, 360, 10, 'goal', 33),
(1079, 360, 11, 'assist', 33),
(1080, 360, 14, 'goal', 65),
(1081, 360, 8, 'assist', 65),
(1082, 360, 7, 'yellow_card', 85),
(983, 341, 8, 'goal', 29),
(984, 341, 6, 'assist', 29),
(985, 341, 7, 'goal', 58),
(986, 341, 9, 'assist', 58),
(987, 341, 12, 'yellow_card', 73),

(988, 342, 14, 'goal', 24),
(989, 342, 10, 'assist', 24),
(990, 342, 11, 'goal', 63),
(991, 342, 8, 'assist', 63),
(992, 342, 13, 'red_card', 85),

(993, 343, 9, 'goal', 19),
(994, 343, 10, 'assist', 19),
(995, 343, 7, 'goal', 55),
(996, 343, 8, 'assist', 55),
(997, 343, 6, 'yellow_card', 78),

(998, 344, 14, 'goal', 30),
(999, 344, 8, 'assist', 30),
(1000, 344, 10, 'goal', 66),
(1001, 344, 9, 'assist', 66),
(1002, 344, 12, 'yellow_card', 83),

(1003, 345, 7, 'goal', 17),
(1004, 345, 6, 'assist', 17),
(1005, 345, 8, 'goal', 54),
(1006, 345, 9, 'assist', 54),
(1007, 345, 13, 'red_card', 85),

(1008, 346, 10, 'goal', 29),
(1009, 346, 11, 'assist', 29),
(1010, 346, 14, 'goal', 59),
(1011, 346, 8, 'assist', 59),
(1012, 346, 7, 'yellow_card', 73),

(1013, 347, 9, 'goal', 15),
(1014, 347, 10, 'assist', 15),
(1015, 347, 11, 'goal', 61),
(1016, 347, 7, 'assist', 61),
(1017, 347, 6, 'yellow_card', 88),

(1018, 348, 14, 'goal', 26),
(1019, 348, 8, 'assist', 26),
(1020, 348, 10, 'goal', 68),
(1021, 348, 9, 'assist', 68),
(1022, 348, 12, 'yellow_card', 80),

(1023, 349, 7, 'goal', 22),
(1024, 349, 6, 'assist', 22),
(1025, 349, 8, 'goal', 64),
(1026, 349, 9, 'assist', 64),
(1027, 349, 13, 'red_card', 85),

(1028, 350, 10, 'goal', 18),
(1029, 350, 11, 'assist', 18),
(1030, 350, 14, 'goal', 62),
(1031, 350, 8, 'assist', 62),
(1032, 350, 7, 'yellow_card', 88),

(1033, 351, 8, 'goal', 30),
(1034, 351, 6, 'assist', 30),
(1035, 351, 7, 'goal', 56),
(1036, 351, 9, 'assist', 56),
(1037, 351, 12, 'yellow_card', 72),

(1038, 352, 14, 'goal', 19),
(1039, 352, 10, 'assist', 19),
(1040, 352, 11, 'goal', 58),
(1041, 352, 8, 'assist', 58),
(1042, 352, 13, 'red_card', 80),

(1043, 353, 9, 'goal', 24),
(1044, 353, 10, 'assist', 24),
(1045, 353, 7, 'goal', 63),
(1046, 353, 8, 'assist', 63),
(1047, 353, 6, 'yellow_card', 78),

(1048, 354, 14, 'goal', 27),
(1049, 354, 8, 'assist', 27),
(1050, 354, 10, 'goal', 61),
(1051, 354, 9, 'assist', 61),
(1052, 354, 12, 'yellow_card', 85),

(1053, 355, 7, 'goal', 25),
(1054, 355, 6, 'assist', 25),
(1055, 355, 8, 'goal', 59),
(1056, 355, 9, 'assist', 59),
(1057, 355, 13, 'red_card', 88),

(1058, 356, 10, 'goal', 15),
(1059, 356, 11, 'assist', 15),
(1060, 356, 14, 'goal', 67),
(1061, 356, 8, 'assist', 67),
(1062, 356, 7, 'yellow_card', 85),

(1063, 357, 8, 'goal', 26),
(1064, 357, 6, 'assist', 26),
(1065, 357, 7, 'goal', 53),
(1066, 357, 9, 'assist', 53),
(1067, 357, 12, 'yellow_card', 73),

(1068, 358, 14, 'goal', 21),
(1069, 358, 8, 'assist', 21),
(1070, 358, 10, 'goal', 68),
(1071, 358, 9, 'assist', 68),
(1072, 358, 13, 'red_card', 80),

(1073, 359, 7, 'goal', 29),
(1074, 359, 6, 'assist', 29),
(1075, 359, 8, 'goal', 61),
(1076, 359, 9, 'assist', 61),
(1077, 359, 12, 'yellow_card', 88),

(1078, 360, 10, 'goal', 33),
(1079, 360, 11, 'assist', 33),
(1080, 360, 14, 'goal', 65),
(1081, 360, 8, 'assist', 65),
(1082, 360, 7, 'yellow_card', 85),
